date;amount;description;sub_category_id;account_id;financial_flow_id
02/01/2022;50.42;Martinique - Total;90;1;2
02/01/2022;12.96;Martinique - Jardin de Balata - Timbres;91;1;2
03/01/2022;8.39;CA Protection Juridique;68;1;2
03/01/2022;44.43;CA Assurance auto - Peugreot 2008;71;1;2
03/01/2022;76.82;Orange - Internet + installation fibre;106;1;2
03/01/2022;5.99;Amazon Prime;75;1;2
03/01/2022;10;Disclose;49;1;2
03/01/2022;6.76;CA Cotisation Compte Service;117;1;2
03/01/2022;22.7;Martinique - Rhum JM;88;1;2
04/01/2022;33.19;CA Multirisques Habitation;65;1;2
04/01/2022;278;Martinique - Sortie Cata - Plong?e;91;1;2
05/01/2022;50;Assu. Cnp Pret Habitat;66;1;2
05/01/2022;79;EDF;105;1;2
05/01/2022;450;Pr?t Habitat (221 647?);20;1;2
05/01/2022;10;MSF;49;1;2
05/01/2022;10;Aides;49;1;2
05/01/2022;10;Sea Shepherd;49;1;2
05/01/2022;105;Epargne AXA PERP;112;1;2
05/01/2022;102;Epargne AXA Assurance vie;110;1;2
05/01/2022;27.76;Martinique - Remboursement;91;1;2
05/01/2022;10;Secours Populaire;49;1;2
06/01/2022;50;Martinque - Location Voiture - Entretien;95;1;2
06/01/2022;33;Martinique - Total;90;1;2
06/01/2022;54.9;Martinique - Duty Free - Rhum Neisson;88;1;2
06/01/2022;35.46;Free;106;1;2
07/01/2022;88.07;BP Station  Service - Peugeot 2008;81;1;2
07/01/2022;2.2;BP Station  Service  - Eponge pour voiture;78;1;2
07/01/2022;10;Les restos du C?ur;49;1;2
07/01/2022;29.4;Martinique - Retour de Paris - P?age #1;95;1;2
07/01/2022;8.9;Martinique - Retour de Paris - P?age #2;95;1;2
09/01/2022;89.99;Play 5 - Horizon Frozen;32;1;2
09/01/2022;13.76;Polo - Changement carte grise Bio Ethanol;78;1;2
10/01/2022;39.9;CAP - Semi Nantes;37;1;2
10/01/2022;29.42;CA Assurance auto - Polo;71;1;2
10/01/2022;10;Surf Rider;49;1;2
11/01/2022;29.5;Liquides;38;1;2
11/01/2022;9.67;Maison - Lampe ext?rieure;133;1;2
11/01/2022;19.95;Pinces pour batterie;79;1;2
14/01/2022;39;Horace - Produits barbe;39;1;2
14/01/2022;50;So - Carte cadeau Surf Rider;52;1;2
14/01/2022;74.88;Leclerc Centre culturel;52;1;2
14/01/2022;39.99;Endur Cylces - lumi?re arri?re;52;1;2
15/01/2022;8.99;Disney +;75;1;2
17/01/2022;19.33;CA Garantie Accidents De La Vie;63;1;2
17/01/2022;65;Taxe fonci?re;61;1;2
17/01/2022;13;Taxe habitation;142;1;2
17/01/2022;0.6;Mouzillon - Saint Herblain;85;1;2
17/01/2022;378.9;Son-Vid?o - Meuble vid?oprojecteur;58;1;2
18/01/2022;11.41;G?ant Casino;9;1;2
18/01/2022;10.6;Mouzilon <=> Angers;141;1;2
18/01/2022;16.67;Biocoop - Vallet;9;1;2
19/01/2022;13.96;SFR;107;1;2
19/01/2022;195.5;Le Slip Fran?ais - Cale?on et jogging;43;1;2
20/01/2022;2;CA Valeur Prevoyance;64;1;2
20/01/2022;1.99;Prime - Location film Joker;27;1;2
20/01/2022;213.8;Ski 2022 - Location appartement;92;1;2
21/01/2022;67.3;Jardiland;118;1;2
22/01/2022;11.05;La Reine Blanche - Trentemoult;44;1;2
24/01/2022;10.99;Deezer;75;1;2
24/01/2022;478.99;Boulanger - Enceinte Triangle;35;1;2
25/01/2022;10.6;Mouzilon <=> Angers;141;1;2
25/01/2022;130.83;Ski 2022 - Location ski;91;1;2
25/01/2022;19.69;G?ant Casino;9;1;2
26/01/2022;39.25;Bricomarch? - Chevilles + for?t;6;1;2
26/01/2022;114.85;Polo - Batterie;78;1;2
31/01/2022;30.59;Lucile - Album photo;47;1;2
01/02/2022;8.39;CA Protection Juridique;68;1;2
01/02/2022;44.43;CA Assurance auto - Peugreot 2008;71;1;2
01/02/2022;62.6;Liquides;38;1;2
01/02/2022;11;Mouzilon <=> Angers;141;1;2
01/02/2022;5.04;G?ant Casino;9;1;2
01/02/2022;5.99;Amazon Prime;75;1;2
02/02/2022;34.99;Orange - Internet;106;1;2
02/02/2022;15.83;Orange - OCS + Netflix - D?cembre;75;1;2
02/02/2022;24.99;Orange - OCS + Netflix - Janvier;75;1;2
03/02/2022;98;Lucile - Caliceo;47;1;2
03/02/2022;50;Lucile - Carte cadeau photobox;47;1;2
03/02/2022;6.76;CA Cotisation Compte Service;117;1;2
03/02/2022;177.35;Billets FCNA - PSG (3 adultes + 1 enfant);37;1;2
04/02/2022;33.19;CA Multirisques Habitation;65;1;2
04/02/2022;10;Disclose;49;1;2
04/02/2022;8;Caf? Sur Cour;26;1;2
05/02/2022;69.5;Hyper U Vallet - Peugeot 2008;81;1;2
05/02/2022;273.89;Pantalon de ski + masque;43;1;2
05/02/2022;34.98;IKEA - Bo?tes de rangement + cube;58;1;2
05/02/2022;1.1;Parking Le Ch?teau;84;1;2
06/02/2022;4.25;Boulangerie Le Pallet;9;1;2
07/02/2022;50;Assu. Cnp Pret Habitat;66;1;2
07/02/2022;79;EDF;105;1;2
07/02/2022;450;Pr?t Habitat (221 647?);20;1;2
07/02/2022;10;MSF;49;1;2
07/02/2022;10;Aides;49;1;2
07/02/2022;10;Sea Shepherd;49;1;2
07/02/2022;105;Epargne AXA PERP;112;1;2
07/02/2022;102;Epargne AXA Assurance vie;110;1;2
08/02/2022;10;Les restos du C?ur;49;1;2
08/02/2022;10;Surf Rider;49;1;2
08/02/2022;25;Ordures m?nag?res;23;1;2
08/02/2022;10;Secours Populaire;49;1;2
08/02/2022;80;Vacarme;44;1;2
08/02/2022;2;Nantes Le Ch?teau;84;1;2
08/02/2022;11;Mouzilon <=> Angers;141;1;2
08/02/2022;16.55;G?ant Casino;9;1;2
08/02/2022;7.8;Monsieur Machin;26;1;2
10/02/2022;29.42;CA Assurance auto - Polo;71;1;2
10/02/2022;11;Mouzilon <=> Angers;141;1;2
10/02/2022;5.47;Leclerc Clisson;9;1;2
11/02/2022;184.28;SSD Interne + garantie;74;1;2
11/02/2022;166.25;Leroy Merlin;121;1;2
12/02/2022;71.6;Fleuriste Amarante - Vallet;48;1;2
12/02/2022;19.2;Bi?res - Les ar?mes Divin;48;1;2
13/02/2022;31.71;Hyper U Vallet - Polo;81;1;2
13/02/2022;20.6;Mac Do;9;1;2
15/02/2022;19.33;CA Garantie Accidents De La Vie;63;1;2
15/02/2022;11;Mouzilon <=> Angers;141;1;2
15/02/2022;20.92;G?ant Casino;9;1;2
16/02/2022;65;Taxe fonci?re;61;1;2
16/02/2022;13;Taxe habitation;142;1;2
16/02/2022;1059.86;Materiel.net - Accessoires t?l?travail;74;1;2
16/02/2022;8.99;Disney +;75;1;2
17/02/2022;24.48;Amazon - Protection DD + c?ble;74;1;2
17/02/2022;11;Mouzilon <=> Angers;141;1;2
19/02/2022;30;Juju - FNCA - PSG;52;1;2
19/02/2022;60;DAB BNP Commerce;109;1;2
21/02/2022;10;SFR;107;1;2
22/02/2022;11;Mouzilon <=> Angers;141;1;2
22/02/2022;22.28;G?ant Casino;9;1;2
22/02/2022;2;CA Valeur Prevoyance;64;1;2
22/02/2022;10.99;Deezer;75;1;2
22/02/2022;12.99;Amazon - C?ble USB-C;74;1;2
22/02/2022;12.8;Brico Jardin - Nourriture oiseaux;118;1;2
22/02/2022;16.99;Amazon - Support t?l?phone;79;1;2
24/02/2022;11;Mouzilon <=> Angers;141;1;2
24/02/2022;16.22;G?ant Casino;9;1;2
25/02/2022;285;Ski 2022 - Forfait Paridski;91;1;2
25/02/2022;62.44;La ferme de Chez nous;9;1;2
01/03/2022;11;Mouzilon <=> Angers;141;1;2
01/03/2022;8.39;CA Protection Juridique;68;1;2
01/03/2022;44.43;CA Assurance auto - Peugreot 2008;71;1;2
01/03/2022;20.32;G?ant Casino;9;1;2
02/03/2022;5.99;Amazon Prime;75;1;2
03/03/2022;11;Mouzilon <=> Angers;141;1;2
03/03/2022;23.67;Ski 2022 - Location taxi;95;1;2
03/03/2022;15.31;G?ant Casino;9;1;2
03/03/2022;6.76;CA Cotisation Compte Service;117;1;2
03/03/2022;10;Disclose;49;1;2
04/03/2022;38.12;Orange - Internet;106;1;2
04/03/2022;24.99;Orange - OCS + Netflix - F?vrier;75;1;2
04/03/2022;33.19;CA Multirisques Habitation;65;1;2
05/03/2022;40;Ski 2022 - Abreuvoir;26;1;2
06/03/2022;12;Ski 2022 - Arpette;26;1;2
06/03/2022;21;Ski 2022 - Arcadie;41;1;2
07/03/2022;50;Assu. Cnp Pret Habitat;66;1;2
07/03/2022;79;EDF;105;1;2
07/03/2022;450;Pr?t Habitat (221 647?);20;1;2
07/03/2022;10;MSF;49;1;2
07/03/2022;10;Aides;49;1;2
07/03/2022;10;Sea Shepherd;49;1;2
07/03/2022;105;Epargne AXA PERP;112;1;2
07/03/2022;102;Epargne AXA Assurance vie;110;1;2
07/03/2022;10;Les restos du C?ur;49;1;2
08/03/2022;10;Secours Populaire;49;1;2
08/03/2022;10;Surf Rider;49;1;2
10/03/2022;29.42;CA Assurance auto - Polo;71;1;2
10/03/2022;45;Ski 2022 - Arpette;26;1;2
11/03/2022;25.65;Ski 2022 - Taxi Retour;95;1;2
12/03/2022;3;Ski 2022 - Funiculaire retour;95;1;2
12/03/2022;16.9;Ski 2022 - L'Ardoise - Bourg Saint Momo;44;1;2
13/03/2022;99.99;PS5 - Gran Turismo 7;32;1;2
13/03/2022;12.6;McDo;9;1;2
14/03/2022;18.35;Bricomarch?;121;1;2
14/03/2022;125.79;Ski 2022 - Remboursement MonMon;88;1;2
15/03/2022;19.33;CA Garantie Accidents De La Vie;63;1;2
15/03/2022;11.88;G?ant Casino;9;1;2
15/03/2022;11;Mouzilon <=> Angers;141;1;2
15/03/2022;36.4;Leroy Merlin - Prises de courant;121;1;2
15/03/2022;8.99;Disney +;75;1;2
16/03/2022;11;Mouzilon <=> Angers;141;1;2
16/03/2022;65;Taxe fonci?re;61;1;2
16/03/2022;13;Taxe habitation;142;1;2
16/03/2022;99.99;FNAC - Webcam Logitech;74;1;2
16/03/2022;3.5;Sandwich;9;1;2
18/03/2022;10;SOSH - Acivation de la ligne;107;1;2
18/03/2022;13;SFR;107;1;2
18/03/2022;39.07;Hyper U Vallet;81;1;2
19/03/2022;134;Portes ouvertes La Haie Fouassi?re;46;1;2
20/03/2022;10.15;Boulangerie;9;1;2
21/03/2022;11;Mouzilon <=> Angers;141;1;2
21/03/2022;27.54;G?ant Casino;41;1;2
21/03/2022;11.95;Shampoing;39;1;2
22/03/2022;2;CA Valeur Prevoyance;64;1;2
22/03/2022;10.99;Deezer;75;1;2
22/03/2022;11;Mouzilon <=> Angers;141;1;2
22/03/2022;6.77;G?ant Casino;9;1;2
23/03/2022;26.33;Amazon - Sac de rangement;133;1;2
23/03/2022;9.6;Mouzilon <=> Angers;141;1;2
23/03/2022;214.99;Papa - Tireuse ? bi?re;47;1;2
23/03/2022;11.91;Biocoop - Cholet;9;1;2
24/03/2022;100;Maman - S?jour Thalasso;47;1;2
25/03/2022;110;Hyper U - Vallet;81;1;2
25/03/2022;73.84;Magasin vert - Lamballe;118;1;2
26/03/2022;28.5;BricoMarch?;6;1;2
28/03/2022;11;Mouzilon <=> Angers;141;1;2
28/03/2022;84.55;Natacha-Vince - Fromages;9;1;2
28/03/2022;6.5;Biocoop - Riz;9;1;2
28/03/2022;99.98;Espace Culturel - Manette + chargeur PS5;30;1;2
28/03/2022;37;Pr?commande BD - La Revue dessin?e;25;1;2
29/03/2022;11;Mouzilon <=> Angers;141;1;2
29/03/2022;6.95;G?ant Casino;41;1;2
30/03/2022;104;Le Boncoin - Table de jardin;118;1;2
30/03/2022;60;M?diacit?s - Abonnement annuel ;24;1;2
31/03/2022;11;Mouzilon <=> Angers;141;1;2
31/03/2022;69.99;Amazon - Manette PS5;30;1;2
31/03/2022;17.41;G?ant Casino;41;1;2
31/03/2022;4.1;Swile;22;1;2
01/04/2022;95.62;Tricount - F?vrier;22;1;2
01/04/2022;8.39;CA Protection Juridique;68;1;2
01/04/2022;44.43;CA Assurance auto - Peugreot 2008;71;1;2
01/04/2022;11;Mouzilon <=> Angers;141;1;2
01/04/2022;5.7;Leroy Merlin - Pointes + chasse pointe;6;1;2
01/04/2022;5.99;Amazon Prime;75;1;2
03/04/2022;10;Disclose;49;1;2
03/04/2022;13.95;Boulangerie Le Pallet;9;1;2
04/04/2022;34.99;Orange - Internet;106;1;2
04/04/2022;33.19;CA Multirisques Habitation;65;1;2
04/04/2022;6.76;CA Cotisation Compte Service;117;1;2
04/04/2022;5.09;G?ant Casino;9;1;2
04/04/2022;11;Mouzilon <=> Angers;141;1;2
05/04/2022;50;Assu. Cnp Pret Habitat;66;1;2
05/04/2022;79;EDF;105;1;2
05/04/2022;450;Pr?t Habitat (221 647?);20;1;2
05/04/2022;10;MSF;49;1;2
05/04/2022;10;Aides;49;1;2
05/04/2022;10;Sea Shepherd;49;1;2
05/04/2022;105;Epargne AXA PERP;112;1;2
05/04/2022;103;Epargne AXA Assurance vie;110;1;2
05/04/2022;32.6;Leroy Merlin;6;1;2
05/04/2022;59;Liquides;38;1;2
05/04/2022;10;Secours Populaire;49;1;2
05/04/2022;11;Mouzilon <=> Angers;141;1;2
07/04/2022;10;Les restos du C?ur;49;1;2
08/04/2022;10;Surf Rider;49;1;2
08/04/2022;4000;Nico;22;1;2
09/04/2022;53.99;Chess.com;24;1;2
09/04/2022;123.44;IKEA - Ameublement maison;58;1;2
09/04/2022;90.2;Cave ? vin Le Pallet;10;1;2
09/04/2022;73.34;Leclerc Atlantis - Peugeot 2008;81;1;2
11/04/2022;11;Mouzilon <=> Angers;141;1;2
11/04/2022;29.42;CA Assurance auto - Polo;71;1;2
11/04/2022;9.99;Sosh;107;1;2
11/04/2022;14;Leroy Merlin - Colle;6;1;2
11/04/2022;17.76;G?ant Casino;9;1;2
12/04/2022;11;Mouzilon <=> Angers;141;1;2
13/04/2022;52.7;RACC Tennis de table - Saucissons;9;1;2
13/04/2022;19.48;Olio & Buro;44;1;2
14/04/2022;55.68;Timbres postes;42;1;2
14/04/2022;15.37;P?tes + coulis tomates;9;1;2
14/04/2022;999;Fraude bancaire;19;1;2
14/04/2022;11;Mouzilon <=> Angers;141;1;2
15/04/2022;1;frais Fraude bancaire - Virement inst;19;1;2
16/04/2022;8.98;Bricomarch?;6;1;2
18/04/2022;27.82;Leclerc Clisson;81;1;2
18/04/2022;14.96;Le 13h15;9;1;2
19/04/2022;19.33;CA Garantie Accidents De La Vie;63;1;2
19/04/2022;89.9;Disney +;75;1;2
20/04/2022;2;CA Valeur Prevoyance;64;1;2
20/04/2022;65;Taxe fonci?re;61;1;2
20/04/2022;13;Taxe habitation;142;1;2
20/04/2022;90;Amende Exc?s de vitesse;76;1;2
22/04/2022;10.99;Deezer;75;1;2
23/04/2022;10.99;Hyper U - Bonbonne gaz;45;1;2
23/04/2022;22.3;Bricomarch? - Jardin;118;1;2
23/04/2022;25.89;Amazon - accessoires bureau;58;1;2
23/04/2022;47;Bricomarch? - Bricolage;6;1;2
23/04/2022;50;Pizzeria - Clisson;44;1;2
24/04/2022;77.5;La Villa No? - Pornic;44;1;2
25/04/2022;10.99;Deezer - Pr?l?vement en trop - A rembourser;75;1;2
26/04/2022;5.5;Mouzilon <=> Angers;141;1;2
26/04/2022;3.45;G?ant Casino;9;1;2
27/04/2022;37.99;Amazon - Organisateur de c?bles;58;1;2
28/04/2022;11;Mouzilon <=> Angers;141;1;2
28/04/2022;700;Epargne;111;1;2
28/04/2022;63;Clos du Chaillou;46;1;2
28/04/2022;3.97;Virement SEPA;19;1;2
28/04/2022;49.31;Leclerc Clisson - Carburant;141;1;2
28/04/2022;695.95;Leroy Merlin - Tondeuse + d?broussailleuse;118;1;2
29/04/2022;80;Caf? de l'?le;26;1;2
29/04/2022;12;Le Parisien;26;1;2
29/04/2022;11.46;Uber;87;1;2
01/05/2022;5.99;Amazon Prime;75;1;2
02/05/2022;8.39;CA Protection Juridique;68;1;2
02/05/2022;44.43;CA Assurance auto - Peugreot 2008;71;1;2
02/05/2022;44.99;Orange - Internet + d?codeur 2;106;1;2
02/05/2022;26.99;Orange - OCS + Netflix - F?vrier;75;1;2
02/05/2022;11;Mouzillon <=> Angers;141;1;2
03/05/2022;11;Mouzillon <=> Angers;141;1;2
03/05/2022;22.9;Bricomarch? - Bottes;43;1;2
03/05/2022;27.99;Clef USB;74;1;2
03/05/2022;99.99;Casques PS5;30;1;2
04/05/2022;6.76;CA Cotisation Compte Service;117;1;2
04/05/2022;359.97;Boulanger - Thermostat connect? + ampoules;73;1;2
04/05/2022;33.19;CA Multirisques Habitation;65;1;2
05/05/2022;48.02;Tricount - Avril;22;1;2
05/05/2022;10;Disclose;49;1;2
05/05/2022;50;Assu. Cnp Pret Habitat;66;1;2
05/05/2022;79;EDF;105;1;2
05/05/2022;450;Pr?t Habitat (221 647?);20;1;2
05/05/2022;10;MSF;49;1;2
05/05/2022;10;Aides;49;1;2
05/05/2022;10;Sea Shepherd;49;1;2
05/05/2022;105;Epargne AXA PERP;112;1;2
05/05/2022;103;Epargne AXA Assurance vie;110;1;2
05/05/2022;19.3;G?ant Casino;9;1;2
05/05/2022;11;Mouzillon <=> Angers;141;1;2
05/05/2022;10;Secours Populaire;49;1;2
05/05/2022;55.75;CHU Nantes - IRM genou gauche;54;1;2
05/05/2022;1.5;Parking Nantes;84;1;2
06/05/2022;0.6;P?riph Nantes;85;1;2
06/05/2022;17.5;Le Mo?a;26;1;2
07/05/2022;7;Courses des 2 plages;26;1;2
07/05/2022;32.7;Eau Pressing - Vallet;143;1;2
08/05/2022;33.4;Super U Br?tignolles Sur Mer;81;1;2
09/05/2022;10;Les restos du C?ur;49;1;2
09/05/2022;10;Surf Rider;49;1;2
09/05/2022;9.99;SOSH;107;1;2
10/05/2022;29.42;CA Assurance auto - Polo;71;1;2
10/05/2022;11;Mouzillon <=> Angers;141;1;2
12/05/2022;11;Mouzillon <=> Angers;141;1;2
12/05/2022;25;Adh?sion Surf Rider;49;1;2
13/05/2022;60;CA;109;1;2
13/05/2022;73.9;Vap'Access;38;1;2
14/05/2022;103.95;BD Story;25;1;2
16/05/2022;19.33;CA Garantie Accidents De La Vie;63;1;2
17/05/2022;65;Taxe fonci?re;61;1;2
17/05/2022;13;Taxe habitation;142;1;2
18/05/2022;9.6;Mouzillon <=> Angers;141;1;2
18/05/2022;15.54;G?ant Casino;9;1;2
18/05/2022;169.99;Boulanger - Station m?t?o connect?e;73;1;2
19/05/2022;9.6;Mouzillon <=> Angers;141;1;2
19/05/2022;94.98;Boulanger - Station m?t?o connect?e;73;1;2
19/05/2022;2;CA Valeur Prevoyance;64;1;2
19/05/2022;16.5;Wash - Rouleau;78;1;2
19/05/2022;22.5;Leroy Merlin;6;1;2
20/05/2022;27;La Sangu?ze;44;1;2
21/05/2022;10.99;Hyper U - Bonbonne gaz;45;1;2
21/05/2022;11.95;Leclerc;9;1;2
21/05/2022;37.3;Bricomarch? - Jardin;118;1;2
21/05/2022;179.8;Bricomarch? - Bricolage;6;1;2
22/05/2022;15.4;McDo;9;1;2
23/05/2022;295;Hellfest - Pass 4 jours;28;1;2
24/05/2022;10.99;Deezer;75;1;2
24/05/2022;11;Mouzillon <=> Angers;141;1;2
24/05/2022;50;Cardano (ADA);111;1;2
24/05/2022;50;Decentraland (MANA);111;1;2
25/05/2022;38;Reve en t?te - Vallet;39;1;2
26/05/2022;35.99;7vague - Place samedi;28;1;2
26/05/2022;80;Peugeot 2008;81;1;2
28/05/2022;11.96;SPAR ;9;1;2
28/05/2022;25.5;7vague - Jetons;26;1;2
28/05/2022;50;The Sandbox (SAND);111;1;2
29/05/2022;15;7vague;28;1;2
29/05/2022;16.25;McDo;44;1;2
01/06/2022;50.16;Tricount - Mai;22;1;2
01/06/2022;8.39;CA Protection Juridique;68;1;2
01/06/2022;44.43;CA Assurance auto - Peugeot 2008;71;1;2
02/06/2022;34.99;Orange - Internet;106;1;2
02/06/2022;26.99;Orange - OCS + Netflix;75;1;2
02/06/2022;500;Epargne;111;1;2
01/06/2022;5.99;Amazon Prime;75;1;2
03/06/2022;6.76;CA Cotisation Compte Service;117;1;2
03/06/2022;334.99;IZAC- Costume + chemise;43;1;2
03/06/2022;155;Pied de Biche - Chaussures + cr?me de soin;43;1;2
03/06/2022;29.4;Omija;44;1;2
03/06/2022;3.9;Caf?;26;1;2
03/06/2022;8.6;Le Pallet <=> Nantes;87;1;2
04/06/2022;35;Vinyle - Cadeau Arnaud;48;1;2
04/06/2022;15;Vinyle;35;1;2
04/06/2022;6.7;March? de Vallet - Boucher;9;1;2
04/06/2022;4.5;March? de Vallet - Boulanger;9;1;2
06/06/2022;49.99;Playstation - Batman: Return to Arkham;32;1;2
06/06/2022;10;MSF;49;1;2
06/06/2022;10;Aides;49;1;2
06/06/2022;10;Sea Shepherd;49;1;2
06/06/2022;105;Epargne AXA PERP;112;1;2
06/06/2022;103;Epargne AXA Assurance vie;110;1;2
07/06/2022;50;Assu. Cnp Pret Habitat;66;1;2
07/06/2022;79;EDF;105;1;2
07/06/2022;450;Pr?t Habitat (221 647?);20;1;2
07/06/2022;33.19;CA Multirisques Habitation;65;1;2
07/06/2022;10;Les restos du C?ur;49;1;2
07/06/2022;11;Mouzillon <=> Angers;141;1;2
07/06/2022;40;Lunettes de soleil;43;1;2
08/06/2022;10;Disclose;49;1;2
08/06/2022;10;Secours Populaire;49;1;2
09/06/2022;11;Mouzillon <=> Angers;141;1;2
09/06/2022;6;Bricomarch? - Tuteurs pour pied de tomates;118;1;2
10/06/2022;30.32;CA Assurance auto - Polo;71;1;2
10/06/2022;9.99;SOSH;107;1;2
11/06/2022;90;DAB Doulon;109;1;2
12/06/2022;4.8;Boulangerie March? de Doulon;9;1;2
13/06/2022;10;Surf Rider;49;1;2
14/06/2022;11;Mouzillon <=> Angers;141;1;2
14/06/2022;71;Mercerie - Vallet;43;1;2
15/06/2022;19.74;CA Garantie Accidents De La Vie;63;1;2
15/06/2022;15.9;Eau Pressing - Vallet;143;1;2
16/06/2022;65;Taxe fonci?re;61;1;2
16/06/2022;13;Taxe habitation;142;1;2
16/06/2022;14.7;Mouzillon <=> Angers;141;1;2
16/06/2022;2;Wash - Aspi;78;1;2
16/06/2022;20.85;Total - Kona;81;1;2
17/06/2022;115.97;Story BD;25;1;2
18/06/2022;50;Polkadot (DOT);111;1;2
19/06/2022;18.8;McDo;9;1;2
21/06/2022;2;CA Valeur Prevoyance;64;1;2
21/06/2022;11;Mouzillon <=> Angers;141;1;2
22/06/2022;10.99;Deezer;75;1;2
22/06/2022;23.2;Fromages - Natacha;9;1;2
22/06/2022;201.5;Hellfest - Cashless;28;1;2
23/06/2022;11;Mouzillon <=> Angers;141;1;2
24/06/2022;32.84;La Concentr';44;1;2
24/06/2022;23.3;La Concentr';26;1;2
25/06/2022;88.3;Clisson - Cigarettes ?lectroniques;38;1;2
25/06/2022;150;Hellfest;109;1;2
26/06/2022;10.74;Playstation Plus Extra;32;1;2
26/06/2022;14.55;Boulangerie Le Pallet;9;1;2
27/06/2022;500;Epargne AXA PERP;112;1;2
27/06/2022;238.01;Remboursement Ecran Showizz;22;1;2
30/06/2022;11;Mouzillon <=> Angers;141;1;2
30/06/2022;10.85;Boulangerie Angers;9;1;2
01/07/2022;8.39;CA Protection Juridique;68;1;2
01/07/2022;44.43;CA Assurance auto - Peugeot 2008;71;1;2
03/07/2022;108;4 caisses Perles Passionn?ment;46;1;2
04/07/2022;34.99;Orange - Internet;106;1;2
04/07/2022;26.99;Orange - OCS + Netflix;75;1;2
04/07/2022;33.19;CA Multirisques Habitation;65;1;2
04/07/2022;187.81;Tricount - Mai;22;1;2
04/07/2022;801;Epargne;111;1;2
04/07/2022;5.99;Amazon Prime;75;1;2
04/07/2022;10;Disclose;49;1;2
04/07/2022;6.76;CA Cotisation Compte Service;117;1;2
04/07/2022;60;Dr Chaline Nicolas - Genou;54;1;2
04/07/2022;38;La cascade;44;1;2
05/07/2022;50;Assu. Cnp Pret Habitat;66;1;2
05/07/2022;79;EDF;105;1;2
05/07/2022;450;Pr?t Habitat (221 647?);20;1;2
05/07/2022;10;MSF;49;1;2
05/07/2022;10;Aides;49;1;2
05/07/2022;10;Sea Shepherd;49;1;2
05/07/2022;11;Mouzillon <=> Angers;141;1;2
05/07/2022;25.5;John Mc Byrne;26;1;2
05/07/2022;35.8;Cr?perie Sainte Croix;44;1;2
05/07/2022;13.74;G?ant Casino;9;1;2
05/07/2022;3;Parking Feydeau;84;1;2
05/07/2022;10;Secours Populaire;49;1;2
06/07/2022;40;Avalanche (AVAX);111;1;2
06/07/2022;10;Polygon (MATIC);111;1;2
07/07/2022;11;Mouzillon <=> Angers;141;1;2
07/07/2022;10;Les restos du C?ur;49;1;2
08/07/2022;19.99;Intersport - Lunettes de soleil;43;1;2
08/07/2022;10;Surf Rider;49;1;2
08/07/2022;9.57;Hyper U - Bi?res;10;1;2
08/07/2022;87.95;Hyper U - Br?tignolles;81;1;2
08/07/2022;70.74;Hyper U - Vallet;81;1;2
08/07/2022;59;Vap'Access;38;1;2
09/07/2022;34;O P'tit Marais - Bistrot;26;1;2
09/07/2022;32;O P'tit Marais - Bistrot;26;1;2
09/07/2022;24;O P'tit Marais - Bistrot;26;1;2
09/07/2022;12;O P'tit Marais - Bistrot;26;1;2
09/07/2022;10;O P'tit Marais - Bistrot;26;1;2
09/07/2022;3.45;O P'tit Marais - Pain;9;1;2
10/07/2022;35.76;O P'tit Marais - Resto;44;1;2
10/07/2022;18.4;O P'tit Marais - Camping;92;1;2
10/07/2022;14.1;O P'tit Marais - Bistrot;26;1;2
11/07/2022;30.37;CA Assurance auto - Polo;71;1;2
11/07/2022;9.99;SOSH;107;1;2
15/07/2022;19.72;CA Garantie Accidents De La Vie;63;1;2
15/07/2022;45;Contravention - Periph nantais;76;1;2
15/07/2022;56.7;Bricomarch? - Terreau + pulv?risateur;118;1;2
16/07/2022;38;Reve en t?te - Vallet;39;1;2
16/07/2022;163.18;Bricomarch? - Accessoires barbecue;41;1;2
17/07/2022;6.3;Boulangerie Le Pallet;9;1;2
18/07/2022;65;Taxe fonci?re;61;1;2
18/07/2022;13;Taxe habitation;142;1;2
20/07/2022;2;CA Valeur Prevoyance;64;1;2
20/07/2022;47;Horace - Shampoing barbe;39;1;2
22/07/2022;10.99;Deezer;75;1;2
23/07/2022;19;Anniversaire Vince - BD Hellfest;48;1;2
23/07/2022;39.5;Anniversaire Vince - Vins;48;1;2
24/07/2022;18.7;La cascade;26;1;2
25/07/2022;50;1 caisse de Quincy;46;1;2
26/07/2022;11;Mouzillon <=> Angers;141;1;2
26/07/2022;184.97;Boulanger - Thermostat + prise connect?e;73;1;2
27/07/2022;13.08;Hyper U - Vallet;9;1;2
28/07/2022;27;Poubelles;23;1;2
29/07/2022;42;La cascade - Burgers;9;1;2
31/07/2022;26.04;Coccimarket;9;1;2
01/08/2022;8.39;CA Protection Juridique;68;1;2
01/08/2022;44.43;CA Assurance auto - Peugeot 2008;71;1;2
01/08/2022;1378.83;Pose bo?tier Bio?thanol - Peugeot 2008;78;1;2
02/08/2022;35.97;Orange - Internet;106;1;2
02/08/2022;26.99;Orange - OCS + Netflix;75;1;2
02/08/2022;11;Mouzillon <=> Angers;141;1;2
02/08/2022;166;Leroy Merlin;6;1;2
02/08/2022;734.74;Mat?riel.net - NAS + DD;74;1;2
02/08/2022;5.99;Amazon Prime;75;1;2
03/08/2022;6.76;CA Cotisation Compte Service;117;1;2
04/08/2022;33.19;CA Multirisques Habitation;65;1;2
04/08/2022;10;Disclose;49;1;2
05/08/2022;50;Assu. Cnp Pret Habitat;66;1;2
05/08/2022;65;EDF;105;1;2
05/08/2022;450;Pr?t Habitat (221 647?);20;1;2
05/08/2022;10;MSF;49;1;2
05/08/2022;10;Aides;49;1;2
05/08/2022;10;Sea Shepherd;49;1;2
05/08/2022;250;Epargne AXA PERP;112;1;2
05/08/2022;100;Epargne AXA Assurance vie;110;1;2
06/08/2022;22.78;Bricomarch?;6;1;2
06/08/2022;73.63;Hyper U Vallet;41;1;2
06/08/2022;10.99;Hyper U Electronique;45;1;2
06/08/2022;3.99;Norauto - Disque bleu;79;1;2
08/08/2022;49.83;Tricount - Juillet;22;1;2
08/08/2022;10;Les restos du C?ur;49;1;2
08/08/2022;10;Surf Rider;49;1;2
08/08/2022;9.99;SOSH;107;1;2
08/08/2022;10;Secours Populaire;49;1;2
08/08/2022;36.3;Bricomarch?;6;1;2
09/08/2022;58.9;Kalou - Backgammon;47;1;2
10/08/2022;30.37;CA Assurance auto - Polo;71;1;2
10/08/2022;15.51;Hyper U - Vallet;41;1;2
10/08/2022;10.1;Bricomarch?;6;1;2
11/08/2022;11;Mouzillon <=> Angers;141;1;2
11/08/2022;72.5;Vap'Access;38;1;2
11/08/2022;28.21;Biocoop;9;1;2
12/08/2022;17.4;Olio et Buro;44;1;2
13/08/2022;112.77;Domaine La Ragoti?re;46;1;2
14/08/2022;1.25;McDo;44;1;2
14/08/2022;13.17;Coccimarket;9;1;2
16/08/2022;19.72;CA Garantie Accidents De La Vie;63;1;2
17/08/2022;65;Taxe fonci?re;61;1;2
17/08/2022;13;Taxe habitation;142;1;2
18/08/2022;43.8;Caisse de Perrin;46;1;2
19/08/2022;300;Abondement Fortuneo;114;1;2
20/08/2022;52.94;Biocoop;9;1;2
22/08/2022;11;Mouzillon <=> Angers;141;1;2
22/08/2022;2;CA Valeur Prevoyance;64;1;2
23/08/2022;10.99;Deezer;75;1;2
23/08/2022;11;Mouzillon <=> Angers;141;1;2
23/08/2022;40;RACC Palet - Licence;37;1;2
25/08/2022;24.9;Clef Bluetooth;74;1;2
25/08/2022;89.24;Leclerc Drive;9;1;2
26/08/2022;27.5;Emilio Pizza - Vallet;9;1;2
26/08/2022;6.05;Pi?ge ? souris;41;1;2
26/08/2022;5;Abondement Fortuneo;114;1;2
26/08/2022;12;L'industrie;26;1;2
27/08/2022;42.55;Volailles Barbecue;9;1;2
29/08/2022;11;Mouzillon <=> Angers;141;1;2
30/08/2022;11;Mouzillon <=> Angers;141;1;2
30/08/2022;15.98;G?ant Casino;9;1;2
30/08/2022;20.5;Challenge Oc?an - Licence voile temporaire;34;1;2
31/08/2022;33.29;Hyper U;81;1;2
31/08/2022;40.15;Bricomarch?;6;1;2
01/09/2022;5.99;Amazon Prime;75;1;2
01/09/2022;10.99;Deezer;75;1;2
01/09/2022;8.39;CA Protection Juridique;68;1;2
01/09/2022;45.69;CA Assurance auto - Peugeot 2008;71;1;2
01/09/2022;15.77;Biocoop;9;1;2
02/09/2022;79.99;The Last Of Us Part I - PS5;32;1;2
02/09/2022;105;R?paration ?cran Samsung A21S;107;1;2
02/09/2022;34.99;Orange - Internet;106;1;2
02/09/2022;26.99;Orange - OCS + Netflix;75;1;2
04/09/2022;12.2;Cascade - bi?res;26;1;2
04/09/2022;10.4;Cascade - Burgers;44;1;2
04/09/2022;36.61;March? L'Armor;9;1;2
05/09/2022;40;Assu. Cnp Pret Habitat;66;1;2
05/09/2022;64.9;EDF;105;1;2
05/09/2022;450;Pr?t Habitat (221 647?);20;1;2
05/09/2022;9;SAUR;104;1;2
05/09/2022;50;Epargne;111;1;2
03/09/2022;10;Disclose;49;1;2
05/09/2022;6.76;CA Cotisation Compte Service;117;1;2
05/09/2022;33.19;CA Multirisques Habitation;65;1;2
05/09/2022;10;MSF;49;1;2
05/09/2022;10;Aides;49;1;2
05/09/2022;10;Sea Shepherd;49;1;2
05/09/2022;250;Epargne AXA PERP;112;1;2
05/09/2022;100;Epargne AXA Assurance vie;110;1;2
05/09/2022;10;Secours Populaire;49;1;2
06/09/2022;28.95;Anniversaire - Marceau;47;1;2
06/09/2022;5.99;Lingettes nettoyantes;78;1;2
06/09/2022;4.1;Leroy Merlin;6;1;2
07/09/2022;10;Les restos du C?ur;49;1;2
07/09/2022;4.1;Parking Tour Bretagne;84;1;2
08/09/2022;11;Mouzillon <=> Angers;141;1;2
08/09/2022;10;Surf Rider;49;1;2
08/09/2022;70;Dons r?guliers pour pr?l?vements;49;1;2
09/09/2022;11;Mouzillon <=> Angers;141;1;2
09/09/2022;20.42;Hyper U;81;1;2
09/09/2022;9.99;SOSH;107;1;2
09/09/2022;21.13;Abondement Fortuneo;114;1;2
09/09/2022;30.37;CA Assurance auto - Polo;71;1;2
09/09/2022;12.62;Hyper U - Vallet;41;1;2
09/09/2022;33;Reve en t?te;39;1;2
09/09/2022;89.5;Le resto du jardon;44;1;2
10/09/2022;18;Annivseraire Ana?s - Plantes;47;1;2
10/09/2022;38.55;Annivseraire Jules - Bouquins;47;1;2
11/09/2022;2.2;Total - Caf?;9;1;2
11/09/2022;8.19;Total - Collation;9;1;2
11/09/2022;11.2;Formation brasserie - P?age 1;85;1;2
11/09/2022;24.5;Formation brasserie - Resto;44;1;2
11/09/2022;42.9;Formation brasserie - P?age 2;85;1;2
11/09/2022;16.71;Hyper U - Br?tignolles;81;1;2
12/09/2022;21.2;Formation brasserie - Resto;44;1;2
12/09/2022;4.5;Formation brasserie - Resto;44;1;2
12/09/2022;14.5;Formation brasserie - Tickets 10 voyages;87;1;2
13/09/2022;8;Formation brasserie - L'antre du Malt;26;1;2
13/09/2022;3.9;Formation brasserie - Caf?;26;1;2
13/09/2022;3.5;Formation brasserie - L'antre du Malt;26;1;2
13/09/2022;8.5;Formation brasserie - L'antre du Malt;26;1;2
14/09/2022;7.9;Chargeur accus;38;1;2
15/09/2022;19.72;CA Garantie Accidents De La Vie;63;1;2
20/09/2022;2;CA Valeur Prevoyance;64;1;2
19/09/2022;65;Taxe fonci?re;61;1;2
14/09/2022;13.7;Formation brasserie - Sushi;44;1;2
15/09/2022;12;les Berthom;26;1;2
15/09/2022;9.5;D?lirim;26;1;2
15/09/2022;8.7;D?lirim;26;1;2
15/09/2022;8.7;D?lirim;26;1;2
15/09/2022;15;La Rigaude;26;1;2
16/09/2022;452;H?tel du Carr? ;92;1;2
16/09/2022;52.1;Formation Brasserie - Rouen Mouzillon ;85;1;2
16/09/2022;26.79;intermarch?;81;1;2
19/09/2022;28;Lyon - Bateau;91;1;2
18/09/2022;4.3;Le Pallet => Nantes ;87;1;2
17/09/2022;19.8;Le Flesselles;44;1;2
19/09/2022;32.5;Hanoi ca pie;44;1;2
19/09/2022;33;2 tickets 3 jours;95;1;2
19/09/2022;2.9;Pain;88;1;2
19/09/2022;21.27;Casino;88;1;2
20/09/2022;52.8;2 caisses de muscadet;46;1;2
20/09/2022;25.5;repas midi;88;1;2
20/09/2022;9.8;ap?ro;91;1;2
20/09/2022;5.15;Saucisson brioch?;88;1;2
21/09/2022;16.5;vival;88;1;2
21/09/2022;14.5;Star Ferry;91;1;2
21/09/2022;79;La m?re L?a;88;1;2
22/09/2022;15;Milk Pug;91;1;2
22/09/2022;12.42;Casino;88;1;2
22/09/2022;25;Mus?e du cin?ma;91;1;2
22/09/2022;47.1;La m?re Jean;88;1;2
22/09/2022;1.9;tickets Lyon;95;1;2
23/09/2022;22.8;Le Veggie;88;1;2
23/09/2022;31.7;Bellecave;88;1;2
23/09/2022;11.5;Liquides;38;1;2
23/09/2022;3.8;tickets Lyon ;95;1;2
24/09/2022;15;Big Mountain ;91;1;2
25/09/2022;7.2;Courses ;88;1;2
27/09/2022;16.6;Billets Car;95;1;2
27/09/2022;57.4;Le Lilas Rose;88;1;2
27/09/2022;4.8;Caf? La Roche;88;1;2
28/09/2022;12;Grany Smith;88;1;2
28/09/2022;16;Cin?ma ;91;1;2
28/09/2022;61.5;La Cabane;88;1;2
28/09/2022;10.8;Caf?;88;1;2
29/09/2022;32.75;Week-end Viuz;91;1;2
29/09/2022;35;L'Homme - Annecy;39;1;2
30/09/2022;7.37;Courses ap?ro;88;1;2
30/09/2022;47.7;Burgers;88;1;2
30/09/2022;8.5;Salon de th?;88;1;2
02/10/2022;30;Carte Mezzo;87;1;2
02/10/2022;120;Abonnement PS PLUS Premium;32;1;2
02/10/2022;61.1;Abonnement mensuel TER;87;1;2
03/10/2022;57;Abonnement mensuel TAN;87;1;2
03/10/2022;8.39;CA Protection Juridique;68;1;2
03/10/2022;34.99;Orange - Internet;106;1;2
03/10/2022;26.99;Orange - OCS + Netflix;75;1;2
03/10/2022;70;Dons r?guliers;49;1;2
03/10/2022;216.55;Tricount - Septembre;22;1;2
03/10/2022;45.75;CA Assurance auto - Peugeot 2008;71;1;2
04/10/2022;6.76;CA Cotisation Compte Service;117;1;2
04/10/2022;33.19;CA Multirisques Habitation;65;1;2
04/10/2022;24.48;Hyper U Vallet - Peugeot 2008;81;1;2
04/10/2022;10;Parking Viarme;84;1;2
04/10/2022;4.3;Nantes - Le Pallet;95;1;2
05/10/2022;40;Assu. Cnp Pret Habitat;66;1;2
05/10/2022;64.9;EDF;105;1;2
05/10/2022;450;Pr?t Habitat (221 647?);20;1;2
05/10/2022;9;SAUR;104;1;2
05/10/2022;250;Epargne AXA PERP;112;1;2
05/10/2022;100;Epargne AXA Assurance vie;110;1;2
05/10/2022;50;Epargne;111;1;2
05/10/2022;10;Aides;49;1;2
05/10/2022;10;SOSH;107;1;2
05/10/2022;13.98;Mangas - Alice Retry;25;1;2
05/10/2022;138.79;PTZ (9 993?);21;1;2
07/10/2022;19.99;C?ble USBC-C;74;1;2
07/10/2022;13.1;Boulangerie Mainguy - Le Pallet;9;1;2
07/10/2022;6.05;La Caf? du Passage;44;1;2
08/10/2022;5.2;Boulangerie Mainguy - Le Pallet;9;1;2
09/10/2022;33;La carri?re;26;1;2
10/10/2022;30.37;CA Assurance auto - Polo;71;1;2
10/10/2022;10.06;SOSH;107;1;2
11/10/2022;13.7;McDo;9;1;2
12/10/2022;4.9;Sandwich;9;1;2
14/10/2022;17.2;John McByrne;26;1;2
14/10/2022;17.35;Mr Machin;26;1;2
14/10/2022;2.5;Croque Bedaine;44;1;2
16/10/2022;12.8;Boulangerie Mainguy - Le Pallet;9;1;2
16/10/2022;22.81;Hyper U Vallet - Peugeot 2008;81;1;2
17/10/2022;19.72;CA Garantie Accidents De La Vie;63;1;2
18/10/2022;678;Pass 4 jours Hellfest 2023;28;1;2
18/10/2022;5.1;Bonbons;9;1;2
20/10/2022;2;CA Valeur Prevoyance;64;1;2
20/10/2022;26.8;Caf? du Passage;44;1;2
21/10/2022;133.5;Vinomedia - Samper;46;1;2
21/10/2022;32;Vallet - Pizza;9;1;2
21/10/2022;169.5;Vinomedia - La femme Allong?e;46;1;2
21/10/2022;176;Vinomedia - Domaine Garayt;46;1;2
21/10/2022;1;Vinomedia - Verre;41;1;2
22/10/2022;7.98;Bricomarch?;6;1;2
22/10/2022;9.94;Bricomarch?;6;1;2
22/10/2022;108;Saint Emilion + Pomerol;46;1;2
22/10/2022;3.25;LM;6;1;2
24/10/2022;55;Corbi?res - Pierre Richard;46;1;2
26/10/2022;20;DAB;109;1;2
28/10/2022;49.5;Espace Emeraude;6;1;2
28/10/2022;89.03;Bricomarch? -  Vallet;6;1;2
29/10/2022;53.93;Bricomarch? -  Vallet;6;1;2
29/10/2022;229.9;Espace Emeraude - Echelle t?lescopique;6;1;2
31/10/2022;2.99;Bricomarch?;6;1;2
01/11/2022;61.1;Abonnement mensuel TER;87;1;2
01/11/2022;10;SOSH;107;1;2
01/11/2022;35;Orange - Internet;106;1;2
01/11/2022;27;Orange - OCS + Netflix;75;1;2
01/11/2022;8.39;CA Protection Juridique;68;1;2
01/11/2022;45.75;CA Assurance auto - Peugeot 2008;71;1;2
01/11/2022;70;Dons r?guliers;49;1;2
01/11/2022;30.7;LM - Fiches DCL;6;1;2
02/11/2022;57;Abonnement mensuel TAN;87;1;2
03/11/2022;6.76;CA Cotisation Compte Service;117;1;2
04/11/2022;36.43;CA Multirisques Habitation;65;1;2
04/11/2022;45.7;LM - Prises ?lectriques;6;1;2
05/11/2022;88.5;Vap'Access;38;1;2
06/11/2022;34.22;Peugeot 2008;81;1;2
06/11/2022;9;Boulangerie Le Pallet;9;1;2
07/11/2022;40;Assu. Cnp Pret Habitat;66;1;2
07/11/2022;64.9;EDF;105;1;2
07/11/2022;450;Pr?t Habitat (221 647?);20;1;2
07/11/2022;50;Epargne;111;1;2
07/11/2022;9;SAUR;104;1;2
07/11/2022;138.79;PTZ (9 993?);21;1;2
07/11/2022;89.99;GOW Ragnar?k;32;1;2
07/11/2022;250;Epargne AXA PERP;112;1;2
07/11/2022;100;Epargne AXA Assurance vie;110;1;2
08/11/2022;133.49;Tricount - Octobre;22;1;2
08/11/2022;17.24;Bricomarch? -  Accessoires chemin?e;41;1;2
10/11/2022;30;DAB La Poste;109;1;2
10/11/2022;30.37;CA Assurance auto - Polo;71;1;2
11/11/2022;47.4;Bricomarch? ;6;1;2
11/11/2022;55;Karting;34;1;2
11/11/2022;43.9;Black Angus - D?ner;44;1;2
11/11/2022;27;Karting;26;1;2
12/11/2022;19;Black Angus - Bowling;26;1;2
15/11/2022;19.72;CA Garantie Accidents De La Vie;63;1;2
17/11/2022;11.85;StarBucks;88;1;2
17/11/2022;389.52;Le Campanile;92;1;2
18/11/2022;39.9;La Terrasse Bercy;88;1;2
18/11/2022;4.63;Spasfon + doliprane;56;1;2
18/11/2022;24.8;UGC - Simone;27;1;2
18/11/2022;13.05;Five Guys;88;1;2
21/11/2022;132.98;LM - Meuble ? chaussures;58;1;2
22/11/2022;2;CA Valeur Prevoyance;64;1;2
23/11/2022;1.5;Clinique - Caf?;9;1;2
23/11/2022;157.9;WWF;43;1;2
24/11/2022;21.76;BD Mathieu C.;47;1;2
24/11/2022;37.37;Leclerc Paridis;56;1;2
25/11/2022;21.94;Paridis;56;1;2
25/11/2022;33.88;Chocolat Jeff de Bruges - Lucile;48;1;2
26/11/2022;269.96;Netatmo;73;1;2
26/11/2022;35.68;Hyper U - Vallet;81;1;2
27/11/2022;4.4;Clinique - Caf?;9;1;2
29/11/2022;457.6;SDB - Partie 2;133;1;2
29/11/2022;18.04;Leclerc Paridis;41;1;2
29/11/2022;54.8;Boulanger Paridis - Appareil connect?s;73;1;2
30/11/2022;60;Boulanger Paridis - Netatmo;73;1;2
01/12/2022;10;SOSH;107;1;2
01/12/2022;35;Orange - Internet;106;1;2
01/12/2022;27;Orange - OCS + Netflix;75;1;2
01/12/2022;8.74;CA Protection Juridique;68;1;2
01/12/2022;45.75;CA Assurance auto - Peugeot 2008;71;1;2
01/12/2022;70;Dons r?guliers;49;1;2
01/12/2022;23;Ty Boutic - Pizza Le Pallet;9;1;2
01/12/2022;27.26;Paridis;56;1;2
01/12/2022;734.5;Clinique Jules Verne;144;1;2
02/12/2022;14.65;Mouzillon;56;1;2
02/12/2022;25.95;Bricomarch? Vallet;6;1;2
05/12/2022;6.76;CA Cotisation Compte Service;117;1;2
05/12/2022;36.46;CA Multirisques Habitation;65;1;2
05/12/2022;40;Assu. Cnp Pret Habitat;66;1;2
05/12/2022;64.9;EDF;105;1;2
05/12/2022;450;Pr?t Habitat (221 647?);20;1;2
05/12/2022;50;Epargne;111;1;2
05/12/2022;9;SAUR;104;1;2
05/12/2022;250;Epargne AXA PERP;112;1;2
05/12/2022;100;Epargne AXA Assurance vie;110;1;2
05/12/2022;138.79;PTZ (9 993?);21;1;2
05/12/2022;11;Mouzillon;56;1;2
05/12/2022;24.76;Hyper U - Vallet - Elly;41;1;2
07/12/2022;30;Docteur Aur?lie Sabbah;54;1;2
08/12/2022;25.7;Ty Boutic - Pizza Le Pallet;9;1;2
08/12/2022;18;Mouzillon;56;1;2
10/12/2022;50;Matelas Elly;58;1;2
10/12/2022;59;La ferme de Chez nous;9;1;2
11/12/2022;19.4;Boulangerie Le Pallet;9;1;2
11/12/2022;800;ThermoReno - Pose radiateur salle de jeu;121;1;2
11/12/2022;36.5;La Gentle Fatory - Ceinture;43;1;2
12/12/2022;30.37;CA Assurance auto - Polo;71;1;2
12/12/2022;90.36;Elec + chauffage bois;41;1;2
12/12/2022;21.98;Bouteilles gaz;45;1;2
13/12/2022;500;Epargne - La Nef;111;1;2
13/12/2022;29.9;Acte de naissance;41;1;2
15/12/2022;19.72;CA Garantie Accidents De La Vie;63;1;2
16/12/2022;4;Burgers - Le Sangu?ze;44;1;2
17/12/2022;31.85;Bricomarch? - D?co No?l;41;1;2
18/12/2022;20.7;Boulangerie Le Pallet;9;1;2
19/12/2022;2;CA Valeur Prevoyance;64;1;2
20/12/2022;63.99;Location Ecojoko;73;1;2
21/12/2022;40.8;No?l papa-maman;52;1;2
21/12/2022;17.8;Bouquins papa-maman;52;1;2
24/12/2022;130;Lucile - Atelier Wecandoo;52;1;2
24/12/2022;27.8;Ar?mes Divin;10;1;2
24/12/2022;29.5;Ar?mes Divin;46;1;2
27/12/2022;28.03;Hyper U - Vallet;41;1;2
28/12/2022;113.94;CA - CB Gold;17;1;2
28/12/2022;300;Abondement Fortuneo;114;1;2
30/12/2022;63.31;Bricomarch?;6;1;2
31/12/2022;142.36;Leclerc L'Armor Plage;41;1;2
09/01/2022;100;Martinique - Sam;22;1;1
17/01/2022;247;Acompte 60%;116;1;1
17/01/2022;378.9;Abondement;114;1;1
21/01/2022;213.8;Ski 2022 - Location appartement;114;1;1
25/01/2022;478.99;Boulanger - Enceinte Triangle;114;1;1
25/01/2022;130.83;Ski 2022 - Location ski;114;1;1
26/01/2022;43.41;Tricount - D?cembre + Martinique;22;1;1
02/02/2022;2546.97;Conserto - Janvier;12;1;1
02/02/2022;69.1;Conserto - D?cembre NDF;22;1;1
07/02/2022;10;Lucile - Netflix;22;1;1
15/02/2022;50;Kalou - FCNA - PSG;22;1;1
16/02/2022;1059.86;Materiel.net - Accessoires t?l?travail;114;1;1
16/02/2022;76;Vince - FCNA - PSG;22;1;1
25/02/2022;285;Ski 2022 - Forfait Paridski;114;1;1
02/03/2022;2546.97;Conserto - F?vrier;12;1;1
02/03/2022;21.2;Conserto - Janvier NDF;22;1;1
02/03/2022;116.85;Abondement - Tondeuse + d?broussailleuse;22;1;1
28/03/2022;84.55;Fromages Natacha;114;1;1
28/03/2022;150;Abondement;114;1;1
30/03/2022;104;Table de jardin;22;1;1
01/04/2022;218.07;Abondement;114;1;1
04/04/2022;2536.47;Conserto - Mars;12;1;1
04/04/2022;77;Conserto - F?vrier NDF;22;1;1
08/04/2022;4000;Nico - Remboursement;114;1;1
14/04/2022;500;Remboursement fraude bancaire;114;1;1
15/04/2022;118.45;Delta paiement Leroy Merlin;22;1;1
26/04/2022;2.57;SFR;22;1;1
27/04/2022;50;Rachat MAC;22;1;1
28/04/2022;1000;Remboursement fraude bancaire;22;1;1
28/04/2022;700;Abondement - Tondeuse + d?broussailleuse;22;1;1
30/04/2022;4.1;Avoir Swile;22;1;1
02/05/2022;2644.43;Conserto - Avril;12;1;1
02/05/2022;108.6;Conserto - Mars NDF;22;1;1
12/05/2022;36.03;CPAM - IRM;22;1;1
13/05/2022;2.53;Avoir Swile;22;1;1
16/05/2022;10.69;Baloo - Remboursement IRM;22;1;1
16/05/2022;16.72;Baloo - Remboursement IRM;22;1;1
17/05/2022;10.99;Deezer;22;1;1
18/05/2022;0.98;CA;115;1;1
23/05/2022;500;Abondement;114;1;1
24/05/2022;719.92;Boulanger - Appareils connect?s;22;1;1
02/06/2022;2675.8;Conserto - Mai;12;1;1
02/06/2022;131.81;Conserto - Avril NDF;22;1;1
23/06/2022;114.58;Regularisation EDF 2022;22;1;1
27/06/2022;1000;Abondement;114;1;1
04/07/2022;100;Conserto - Subvention culturelle;22;1;1
04/07/2022;2956.6;Conserto - Juin;12;1;1
04/07/2022;85.2;Conserto - Mai NDF;22;1;1
08/07/2022;37.5;CPAM - consultation chirurgien;22;1;1
08/07/2022;80;Ch?que Solenn;22;1;1
08/07/2022;90;Ch?que pour Lucile;22;1;1
13/07/2022;21.5;Baloo - Remboursement IRM;22;1;1
21/07/2022;263;D?duction fiscale;116;1;1
20/07/2022;55;Lucile - Netflix;22;1;1
01/08/2022;1000;Abondement;114;1;1
02/08/2022;2631.93;Conserto - Juillet;12;1;1
02/08/2022;0;Conserto - Juin NDF;22;1;1
02/08/2022;679.84;Mat?riel.net - NAS + DD;22;1;1
22/08/2022;101;Regul virements mensuels Ann?e 1;22;1;1
02/09/2022;2639.42;Conserto - Ao?t;12;1;1
02/09/2022;113.7;Conserto - Juin Juillet NDF;22;1;1
02/09/2022;380;H?tel Rouen;114;1;1
05/09/2022;16.12;Lucile - Assurance Multirisque;22;1;1
06/09/2022;104;Imp?ts - Remb Taxe Habitation;116;1;1
06/09/2022;98.17;Leroy Merlin - Remb mat?riel SDB;22;1;1
07/09/2022;72.15;Lucile - Tricount Ao?t;22;1;1
29/09/2022;522.1;Abondement;114;1;1
03/10/2022;2124.06;Conserto - Septembre;12;1;1
03/10/2022;66;Conserto - Ao?t NDF;22;1;1
05/10/2022;16.12;Lucile - Assurance Multirisque;22;1;1
06/10/2022;116;Imp?ts - Remb Taxe Fonci?re;116;1;1
18/10/2022;600;2 Pass 4 jours HF 2023;114;1;1
22/10/2022;450;Abondement;114;1;1
30/10/2022;300;Abondement;22;1;1
02/11/2022;2664.15;Conserto - Octobre;12;1;1
02/11/2022;165.86;Conserto - Septembre NDF;22;1;1
07/11/2022;16.12;Lucile - Assurance Multirisque;22;1;1
21/11/2022;500;Epargne - La Nef;111;1;1
21/11/2022;157.9;WWF;114;1;1
21/11/2022;112;LM - Meuble ? chaussures;22;1;1
26/11/2022;269.96;Netatmo;22;1;1
29/11/2022;457.6;SDB - Partie 2;22;1;1
01/12/2022;300;Abondement;114;1;1
02/12/2022;2676.2;Conserto - Novembre;12;1;1
02/12/2022;0;Conserto - Octobre NDF;22;1;1
05/12/2022;16.12;Lucile - Assurance Multirisque;22;1;1
11/12/2022;800;ThermoReno - Pose radiateur salle de jeu;22;1;1
21/12/2022;648;Baloo - Remboursement clinique;22;1;1
28/12/2022;300;Abondement Fortuno;114;1;1
02/01/2023;61.1;TER - Mensuel;87;1;2
02/01/2023;13.85;SOSH;107;1;2
02/01/2023;35;Orange;106;1;2
02/01/2023;27;OCS + Netflix;75;1;2
02/01/2023;8.72;Cr?dit Agricole;68;1;2
02/01/2023;45.75;Cr?dit Agricole;71;1;2
02/01/2023;70;Dons r?guliers;49;1;2
02/01/2023;26.39;Peugeot 2008;81;1;2
03/01/2023;154.33;Cadeau famille;52;1;2
04/01/2023;6.88;Cr?dit Agricole;117;1;2
04/01/2023;36.46;Cr?dit Agricole;65;1;2
04/01/2023;57;TAN - Mensuel;87;1;2
04/01/2023;79.38;FNAC - Cadeau famille;52;1;2
05/01/2023;40;UTWIN;66;1;2
05/01/2023;64.9;EDF;105;1;2
05/01/2023;450;Cr?dit Agricole (221 647?);20;1;2
05/01/2023;50;Cr?dit Agricole;111;1;2
05/01/2023;9;SAUR;104;1;2
05/01/2023;138.79;Cr?dit Agricole - PTZ (9 993?);21;1;2
05/01/2023;250;AXA;112;1;2
05/01/2023;100;AXA;110;1;2
05/01/2023;80;Cadeau Cl?ment;52;1;2
05/01/2023;39.99;FNAC - Cadeau Marceau;52;1;2
06/01/2023;15;Orange - Fin de la promo;106;1;2
06/01/2023;181.08;Elec44 - Prises de courant;60;1;2
10/01/2023;30.37;Cr?dit Agricole;71;1;2
11/01/2023;25.1;Caf? du passage;44;1;2
11/01/2023;1044.9;CAMARA - Appareil photo Lumix;73;1;2
15/01/2023;150;Mr Moustache;43;1;2
15/01/2023;23.58;Elec44 - Prises de courant;60;1;2
16/01/2023;19.72;Cr?dit Agricole;63;1;2
17/01/2023;46;Taxe fonci?re;61;1;2
17/01/2023;31.84;Tricount - Novembre + D?cembre ;22;1;2
18/01/2023;45.01;LA NEF;111;1;2
20/01/2023;2;Cr?dit Agricole;64;1;2
20/01/2023;45;Jean Levi's;43;1;2
20/01/2023;84.5;Stroy BD - Anniv papa;47;1;2
21/01/2023;34.08;Bricomarch? - bois de chauffage;60;1;2
21/01/2023;30.6;Bricomarch? - nourriture oiseaux;118;1;2
22/01/2023;14.4;Boulangerie Le Pallet;9;1;2
23/01/2023;9.7;Relay Gare;9;1;2
01/02/2023;65.1;TER - Mensuel;87;1;2
01/02/2023;57;TAN - Mensuel;87;1;2
01/02/2023;10;SOSH;107;1;2
01/02/2023;50;Orange;106;1;2
01/02/2023;27;OCS + Netflix;75;1;2
01/02/2023;70;Dons r?guliers;49;1;2
01/02/2023;8.72;Cr?dit Agricole;68;1;2
01/02/2023;45.75;Cr?dit Agricole;71;1;2
01/02/2023;200;Lucile - Domaine 1825;47;1;2
01/02/2023;21.76;R?gul assurance PTZ;67;1;2
01/02/2023;65.4;Le Slip Fran?ais;43;1;2
02/02/2023;500;Cr?dit Agricole;111;1;2
02/02/2023;1.6;Caf? du passage;44;1;2
03/02/2023;11.8;Liquides - Clisson;38;1;2
03/02/2023;41.8;Olio & Buro;44;1;2
03/02/2023;52.95;Librairie Les invisibles;25;1;2
03/02/2023;6.88;Cr?dit Agricole;117;1;2
06/02/2023;36.46;Cr?dit Agricole;65;1;2
06/02/2023;40;UTWIN;66;1;2
06/02/2023;64.9;EDF;105;1;2
06/02/2023;450;Cr?dit Agricole (221 647?);20;1;2
06/02/2023;50;Cr?dit Agricole;111;1;2
06/02/2023;9;SAUR;104;1;2
06/02/2023;250;AXA;112;1;2
06/02/2023;100;AXA;110;1;2
06/02/2023;138.79;Cr?dit Agricole - PTZ (9 993?);21;1;2
06/02/2023;5.44;Assurance PTZ (9 993?);67;1;2
06/02/2023;200;Abondement;40;1;2
09/02/2023;125;Faguo - Sweat + ceinture;43;1;2
09/02/2023;99;Saint James - Pull;43;1;2
09/02/2023;2.7;Ty Boutic Pizzas;9;1;2
10/02/2023;30.37;Cr?dit Agricole;71;1;2
10/02/2023;26.5;Big Fernand;44;1;2
11/02/2023;363.11;Top Auto Mouzillon - Entretien Polo;78;1;2
13/02/2023;29.6;Liquides - Nantes;38;1;2
14/02/2023;7.99;Ecojoko - Abonnement mensuel;24;1;2
15/02/2023;19.72;Cr?dit Agricole;63;1;2
16/02/2023;48;Taxe fonci?re;61;1;2
16/02/2023;8.2;Caf? du passage;44;1;2
17/02/2023;44.16;Polo;81;1;2
17/02/2023;80;Caisse d'?pargne;109;1;2
19/02/2023;12.15;La Base - Lorient;26;1;2
21/02/2023;2;Cr?dit Agricole;64;1;2
22/02/2023;193;Acompte Devis fen?tre Damien Graton;133;1;2
24/02/2023;276.86;Polo - Pneus;78;1;2
25/02/2023;3.5;D?m?nagement Ancenis;85;1;2
25/02/2023;22.5;Caf? de la Gare Ancenis;26;1;2
01/03/2023;57;TAN - Mensuel;87;1;2
01/03/2023;10;SOSH;107;1;2
01/03/2023;50;Orange;106;1;2
01/03/2023;27;OCS + Netflix;75;1;2
01/03/2023;70;Dons r?guliers;49;1;2
01/03/2023;166.1;Acompte J?r?me Fior Electricit?;105;1;2
01/03/2023;65.1;TER - Mensuel;87;1;2
01/03/2023;8.72;Cr?dit Agricole;68;1;2
01/03/2023;45.75;Cr?dit Agricole;71;1;2
02/03/2023;200;Abondement;40;1;2
03/03/2023;9.1;Caf? du passage;44;1;2
05/03/2023;75;WE Ski La Mongie - Location La Mongie;100;1;2
06/03/2023;36.46;Cr?dit Agricole;65;1;2
06/03/2023;40;UTWIN;66;1;2
06/03/2023;64.9;EDF;105;1;2
06/03/2023;450;Cr?dit Agricole (221 647?);20;1;2
06/03/2023;50;Cr?dit Agricole;111;1;2
06/03/2023;9;SAUR;104;1;2
06/03/2023;250;AXA;112;1;2
06/03/2023;100;AXA;110;1;2
06/03/2023;138.79;Cr?dit Agricole - PTZ (9 993?);21;1;2
06/03/2023;5.44;Assurance PTZ (9 993?);67;1;2
06/03/2023;34.99;FNAC - Hub ethernet;74;1;2
07/03/2023;60;Backseat;24;1;2
08/03/2023;72.9;POLO - Contr?le technique;78;1;2
09/03/2023;500;WE Ski La Mongie;99;1;2
10/03/2023;30.37;Cr?dit Agricole;71;1;2
10/03/2023;28;WE Ski La Mongie - La Yunta;101;1;2
10/03/2023;17.4;WE Ski La Mongie - Sandwich aller;96;1;2
11/03/2023;15;WE Ski La Mongie - Etape du Berger;101;1;2
13/03/2023;9.6;WE Ski La Mongie - Sandwich retour;96;1;2
15/03/2023;19.72;Cr?dit Agricole;63;1;2
16/03/2023;48;Taxe fonci?re;61;1;2
17/03/2023;46.9;WE Ski La Mongie - Remboursement Vince;22;1;2
17/03/2023;7.99;Ecojoko - Abonnement;24;1;2
17/03/2023;29.99;FNAC - Ampoules HUE;133;1;2
18/03/2023;25;Cave et Vous;10;1;2
20/03/2023;9.7;Relay Gare;9;1;2
21/03/2023;3.2;Cr?dit Agricole;64;1;2
21/03/2023;15;Cr?dit Agricole - CB Gold;117;1;2
23/03/2023;221.3;La Maison Saint Gobain - Isolation;133;1;2
26/03/2023;54.78;Peugeot 2008;81;1;2
29/03/2023;40;Elly - Chaussettes;43;1;2
29/03/2023;60;M?diacit?s - abo annuel;24;1;2
29/03/2023;664.4;Acompte J?r?me Fior Electricit?;105;1;2
30/03/2023;1051.8;Cr?dit Agricole;111;1;2
30/03/2023;8.6;Relay Gare;9;1;2
31/03/2023;44.98;Caf? du passage;44;1;2
01/04/2023;65.1;TER - Mensuel;87;1;2
01/04/2023;57;TAN - Mensuel;87;1;2
01/04/2023;10;SOSH;107;1;2
01/04/2023;50;Orange;106;1;2
01/04/2023;27;OCS + Netflix;75;1;2
01/04/2023;70;Dons r?guliers;49;1;2
01/04/2023;200;Abondement;40;1;2
03/04/2023;8.72;Cr?dit Agricole;68;1;2
03/04/2023;45.75;Cr?dit Agricole;71;1;2
03/04/2023;172;La Redoute;133;1;2
03/04/2023;40;Philou et Pierre-Marie;47;1;2
04/04/2023;36.46;Cr?dit Agricole;65;1;2
05/04/2023;40;UTWIN;66;1;2
05/04/2023;64.9;EDF;105;1;2
05/04/2023;450;Cr?dit Agricole (221 647?);20;1;2
05/04/2023;50;Cr?dit Agricole;111;1;2
05/04/2023;9;SAUR;104;1;2
05/04/2023;138.79;Cr?dit Agricole - PTZ (9 993?);21;1;2
05/04/2023;5.44;Assurance PTZ (9 993?);67;1;2
05/04/2023;129.95;Tondeuse barbe + miroir;39;1;2
05/04/2023;14.95;Librairie L.Durance - Potager permaculture;33;1;2
05/04/2023;250;AXA;112;1;2
05/04/2023;100;AXA;110;1;2
07/04/2023;27.8;Culinarion;45;1;2
07/04/2023;34.89;Caf? du passage;44;1;2
08/04/2023;72.36;Gamm vert;118;1;2
08/04/2023;19.12;Peugeot 2008;81;1;2
10/04/2023;21.55;McDo - Vallet;9;1;2
11/04/2023;30.37;Cr?dit Agricole;71;1;2
12/04/2023;7.99;Ecojoko - Abonnement;24;1;2
12/04/2023;29.9;Leroy Merlin - Caisses;133;1;2
14/04/2023;7.45;Caf? du passage;44;1;2
15/04/2023;48.6;Au vins d'Olivier - Vallet;46;1;2
15/04/2023;94;Liquides;38;1;2
15/04/2023;33.8;Peugeot 2008;81;1;2
17/04/2023;19.72;Cr?dit Agricole;63;1;2
18/04/2023;48;Taxe fonci?re;61;1;2
19/04/2023;17.7;Pizza Gorges;9;1;2
20/04/2023;3.2;Cr?dit Agricole;64;1;2
21/04/2023;25;Rachat t?l?phone pro;107;1;2
21/04/2023;15;Cr?dit Agricole - CB Gold;117;1;2
21/04/2023;31.9;Jardinerie Intemarch?;118;1;2
24/04/2023;15;Polo;81;1;2
26/04/2023;43.9;Moulin ? Poivre - Culinarion;41;1;2
26/04/2023;32.52;Polo;81;1;2
28/04/2023;35.6;Jardinerie Intemarch?;118;1;2
02/05/2023;65.1;TER - Mensuel;87;1;2
02/05/2023;57;TAN - Mensuel;87;1;2
02/05/2023;10;SOSH;107;1;2
02/05/2023;50;Orange;106;1;2
02/05/2023;27;OCS + Netflix;75;1;2
02/05/2023;70;Dons r?guliers;49;1;2
02/05/2023;200;Abondement;40;1;2
02/05/2023;8.72;Cr?dit Agricole;68;1;2
02/05/2023;45.75;Cr?dit Agricole;71;1;2
03/05/2023;25;WWF SNSM + adh?sion Surfrider;49;1;2
04/05/2023;36.46;Cr?dit Agricole;65;1;2
05/05/2023;40;UTWIN;66;1;2
05/05/2023;64.9;EDF;105;1;2
05/05/2023;450;Cr?dit Agricole (221 647?);20;1;2
05/05/2023;50;Cr?dit Agricole;111;1;2
05/05/2023;9;SAUR;104;1;2
05/05/2023;138.79;Cr?dit Agricole - PTZ (9 993?);21;1;2
05/05/2023;5.44;Assurance PTZ (9 993?);67;1;2
05/05/2023;250;AXA;112;1;2
05/05/2023;100;AXA;110;1;2
06/05/2023;35.2;Cave Le Pallet;10;1;2
06/05/2023;7.2;Jardin d?cors;118;1;2
07/05/2023;213.35;Abo une petite mousse - retraite papa;48;1;2
07/05/2023;60;Abo 900.care;39;1;2
08/05/2023;7.99;Ecojoko - Abonnement;24;1;2
10/05/2023;131.64;Story BD;25;1;2
10/05/2023;30.37;Cr?dit Agricole;71;1;2
10/05/2023;40.6;Amour Nantes;9;1;2
12/05/2023;40.47;Amour Nantes;44;1;2
15/05/2023;19.72;Cr?dit Agricole;63;1;2
16/05/2023;48;Taxe fonci?re;61;1;2
19/05/2023;8.33;Caf? du passage;44;1;2
21/05/2023;15;Cr?dit Agricole - CB Gold;117;1;2
21/05/2023;13.2;Epicerie Le Ranolien;9;1;2
21/05/2023;30.9;Epicerie Le Ranolien;9;1;2
21/05/2023;5.9;Epicerie Le Ranolien - Petits sabl?s ;9;1;2
22/05/2023;3.2;Cr?dit Agricole;64;1;2
23/05/2023;120;Lucile - Robe f?te des m?res;48;1;2
23/05/2023;250;tee shirt Saint James - Chaussures Mr Moustache;43;1;2
24/05/2023;80;SPA Le Ranolien;34;1;2
24/05/2023;23.8;Bi?res - ap?ro - Perros-Guirrec ;9;1;2
26/05/2023;320;Leroy Merlin - Porte coulissante;133;1;2
30/05/2023;50;HELIOS ;111;1;2
30/05/2023;90;Chino - Faguo;43;1;2
30/05/2023;1500;HELIOS ;111;1;2
01/06/2023;65.1;TER - Mensuel;87;1;2
01/06/2023;57;TAN - Mensuel;87;1;2
01/06/2023;10;SOSH;107;1;2
01/06/2023;50;Orange;106;1;2
01/06/2023;28;OCS + Netflix;75;1;2
01/06/2023;95;Dons r?guliers;49;1;2
01/06/2023;8.72;Cr?dit Agricole;68;1;2
01/06/2023;45.75;Cr?dit Agricole;71;1;2
03/06/2023;41.04;La ferme de Chez nous;10;1;2
03/06/2023;27.84;Timbres poste;41;1;2
04/06/2023;10;Boulangerie Le Pallet;9;1;2
04/06/2023;59;Olivier;118;1;2
05/06/2023;40;UTWIN;66;1;2
05/06/2023;64.9;EDF;105;1;2
05/06/2023;450;Cr?dit Agricole (221 647?);20;1;2
05/06/2023;50;Cr?dit Agricole;111;1;2
05/06/2023;9;SAUR;104;1;2
05/06/2023;36.46;Cr?dit Agricole;65;1;2
05/06/2023;138.79;Cr?dit Agricole - PTZ (9 993?);21;1;2
05/06/2023;5.44;Assurance PTZ (9 993?);67;1;2
05/06/2023;200;Abondement;40;1;2
05/06/2023;1035.79;Travaux - Terrassement;133;1;2
05/06/2023;250;AXA;112;1;2
05/06/2023;100;AXA;110;1;2
06/06/2023;39;Chaussettes Josettes;43;1;2
06/06/2023;400;Hellfest - Cashless;28;1;2
08/06/2023;1000;HELIOS ;111;1;2
09/06/2023;7.99;Ecojoko - Abonnement;24;1;2
09/06/2023;645;HELIOS ;111;1;2
10/06/2023;97.1;10C - Bi?res;26;1;2
11/06/2023;30;10C - Matt;22;1;2
12/06/2023;31.04;Cr?dit Agricole;71;1;2
12/06/2023;24.4;McDo - Vallet;9;1;2
12/06/2023;12;La Cascade;26;1;2
14/06/2023;72.5;Vap'Access - Liquides;38;1;2
14/06/2023;186.09;Hellfest - Hyper U Vallet;41;1;2
15/06/2023;20.5;Cr?dit Agricole;63;1;2
15/06/2023;11.2;Le Sangu?ze;26;1;2
15/06/2023;4.8;Le Treize quinze;9;1;2
16/06/2023;48;Taxe fonci?re;61;1;2
16/06/2023;11.8;Hellfest - Metal Corner;26;1;2
17/06/2023;40;Hellfest - Cadeau Ang?le (2 BDs);47;1;2
17/06/2023;20;Hellfest - BD;25;1;2
18/06/2023;40;Hellfest - Cadeau Vince et Lucas (2 BDs);47;1;2
18/06/2023;29;Hellfest - Elly Body;43;1;2
18/06/2023;28;Hellfest - T?te de mort;133;1;2
20/06/2023;3.2;Cr?dit Agricole;64;1;2
21/06/2023;15;Cr?dit Agricole - CB Gold;117;1;2
23/06/2023;40;Soci?t? G?n?rale;109;1;2
23/06/2023;15;Caf? du passage;44;1;2
27/06/2023;19.9;Horizon Forbidden West - DLC;32;1;2
28/06/2023;678;Hellfest - 2 Pass 4 jours;28;1;2
29/06/2023;85;Saint James - Short;43;1;2
01/07/2023;11.49;Bouteille de gaz;45;1;2
01/07/2023;15.8;Bricomarch?;6;1;2
02/07/2023;250;Abondement;40;1;2
02/07/2023;34.31;March? Vallet - Fruits-l?gumes;9;1;2
02/07/2023;27.26;March? Vallet - Fromages;9;1;2
02/07/2023;2.3;March? Vallet - Pain;9;1;2
03/07/2023;65.1;TER - Mensuel;87;1;2
03/07/2023;60;TAN - Mensuel;87;1;2
03/07/2023;50;Orange;106;1;2
03/07/2023;28;OCS + Netflix;75;1;2
03/07/2023;8.72;Cr?dit Agricole;68;1;2
03/07/2023;45.75;Cr?dit Agricole;71;1;2
03/07/2023;1500;Cr?dit Agricole;111;1;2
04/07/2023;36.46;Cr?dit Agricole;65;1;2
05/07/2023;10;SOSH;107;1;2
05/07/2023;95;Dons r?guliers;49;1;2
05/07/2023;40;UTWIN;66;1;2
05/07/2023;64.9;EDF;105;1;2
05/07/2023;450;Cr?dit Agricole (221 647?);20;1;2
05/07/2023;50;Cr?dit Agricole;111;1;2
05/07/2023;9;SAUR;104;1;2
05/07/2023;138.79;Cr?dit Agricole - PTZ (9 993?);21;1;2
05/07/2023;5.44;Assurance PTZ (9 993?);67;1;2
05/07/2023;200;Abondement;40;1;2
05/07/2023;34.45;Caf? du passage;44;1;2
05/07/2023;250;AXA;112;1;2
05/07/2023;100;AXA;110;1;2
07/07/2023;16.07;Caf? du passage;44;1;2
07/07/2023;14.55;Carrefour express;41;1;2
09/07/2023;10.2;Boulangerie Le Pallet;9;1;2
10/07/2023;230.29;MAM le Pallet - D?sistement;22;1;2
10/07/2023;49.35;Coiffard;33;1;2
10/07/2023;7.99;Ecojoko - Abonnement;24;1;2
10/07/2023;31.03;Cr?dit Agricole;71;1;2
11/07/2023;156.88;Jardiland - Pots et jardini?re;118;1;2
14/07/2023;25;Lucile - Boucle d'oreille;48;1;2
14/07/2023;9.14;Cr?me solaire;41;1;2
15/07/2023;4.5;Gamm Vet - Ficelle;118;1;2
15/07/2023;27.94;Elly - couches et gel douche;41;1;2
15/07/2023;40.88;Peugeot 2008;81;1;2
16/07/2023;15.9;Cascade;26;1;2
17/07/2023;20.52;Cr?dit Agricole;63;1;2
18/07/2023;48;Taxe fonci?re;61;1;2
19/07/2023;5.5;Ch'ti Breizh;44;1;2
20/07/2023;3.2;Cr?dit Agricole;64;1;2
20/07/2023;15;Cr?dit Agricole - CB Gold;117;1;2
24/07/2023;1000;HELIOS ;111;1;2
26/07/2023;7.5;Ch'ti Breizh;44;1;2
27/07/2023;5.9;Liquides;38;1;2
27/07/2023;21.9;Casse noisettes;41;1;2
29/07/2023;99.3;Liquides;38;1;2
29/07/2023;33.03;Hyper U Vallet ;41;1;2
30/07/2023;40.05;Peugeot 2008;81;1;2
31/07/2023;32.5;Restaurant La Meule ;101;1;2
31/07/2023;544;Restaurant La Meule ;101;1;2
01/08/2023;65.1;TER - Mensuel;87;1;2
01/08/2023;57;TAN - Mensuel;87;1;2
01/08/2023;50;Orange;106;1;2
01/08/2023;28;OCS + Netflix;75;1;2
01/08/2023;8.72;Cr?dit Agricole;68;1;2
01/08/2023;45.75;Cr?dit Agricole;71;1;2
01/08/2023;30;Polo;81;1;2
02/08/2023;72;Bricomarch?;6;1;2
03/08/2023;227.74;Biosfaire;6;1;2
04/08/2023;36.46;Cr?dit Agricole;65;1;2
05/08/2023;53.59;Hyper U Vallet ;41;1;2
07/08/2023;10;SOSH;107;1;2
07/08/2023;95;Dons r?guliers;49;1;2
07/08/2023;40;UTWIN;66;1;2
07/08/2023;64.9;EDF;105;1;2
07/08/2023;450;Cr?dit Agricole (221 647?);20;1;2
07/08/2023;50;Cr?dit Agricole;111;1;2
07/08/2023;9;SAUR;104;1;2
07/08/2023;250;AXA;112;1;2
07/08/2023;100;AXA;110;1;2
07/08/2023;138.79;Cr?dit Agricole - PTZ (9 993?);21;1;2
07/08/2023;5.44;Assurance PTZ (9 993?);67;1;2
07/08/2023;200;Abondement;40;1;2
08/08/2023;7.99;Ecojoko - Abonnement;24;1;2
09/08/2023;8.4;Vietnamien Vallet;44;1;2
09/08/2023;30.1;Bricomarch?;6;1;2
09/08/2023;68.5;La cabane ? vin - Chinon;46;1;2
09/08/2023;0.5;Chinon;84;1;2
10/08/2023;31.03;Cr?dit Agricole;71;1;2
12/08/2023;31.68;Hyper U Vallet ;41;1;2
14/08/2023;35.91;Peugeot 2008;81;1;2
14/08/2023;66;Leroy Merlin;6;1;2
14/08/2023;12.98;Centrakor - Accessoire SDB;133;1;2
15/08/2023;47;restaurant Nico & Moussette;48;1;2
15/08/2023;5.45;Ass Mat;48;1;2
16/08/2023;20.52;Cr?dit Agricole;63;1;2
16/08/2023;60;TAN - Mensuel;87;1;2
17/08/2023;48;Taxe fonci?re;61;1;2
17/08/2023;15;Caf? des Plantes;26;1;2
18/08/2023;58.8;2 caisses de mumu - Clos du Chaillou;46;1;2
19/08/2023;13.8;B?ton;6;1;2
19/08/2023;51.74;Kalou - Vinyles + BD;47;1;2
20/08/2023;31.69;Peugeot 2008;81;1;2
21/08/2023;15;Cr?dit Agricole - CB Gold;117;1;2
22/08/2023;3.2;Cr?dit Agricole;64;1;2
21/08/2023;24.27;Leclerc Clisson;41;1;2
23/08/2023;150;HELIOS ;111;1;2
25/08/2023;87.13;MAM;40;1;2
25/08/2023;24;Sweet Tooth - Livre 1;25;1;2
25/08/2023;42.75;Polo;81;1;2
26/08/2023;22.78;Super U;41;1;2
27/08/2023;28;March? Br?tignolles;26;1;2
29/08/2023;11.89;R?gul EDF;105;1;2
31/08/2023;33.29;FNAC - Cadeau Marceau;47;1;2
01/09/2023;65.1;TER - Mensuel;87;1;2
01/09/2023;50;Orange;106;1;2
01/09/2023;28;OCS + Netflix;75;1;2
01/09/2023;8.72;Cr?dit Agricole;68;1;2
01/09/2023;47.92;Cr?dit Agricole;71;1;2
01/09/2023;60.33;Geotextile pour terrasse;6;1;2
01/09/2023;98.9;Dezzer - Abonnement annuel;75;1;2
02/09/2023;12;Elly - Photo identit?;73;1;2
04/09/2023;36.46;Cr?dit Agricole;65;1;2
04/09/2023;60;TAN - Mensuel;87;1;2
04/09/2023;7.95;Elly - dolodent;56;1;2
05/09/2023;10;SOSH;107;1;2
05/09/2023;95;Dons r?guliers;49;1;2
05/09/2023;40;UTWIN;66;1;2
05/09/2023;85;EDF;105;1;2
05/09/2023;450;Cr?dit Agricole (221 647?);20;1;2
05/09/2023;9;SAUR;104;1;2
05/09/2023;138.79;Cr?dit Agricole - PTZ (9 993?);21;1;2
05/09/2023;5.44;Assurance PTZ (9 993?);67;1;2
05/09/2023;200;Abondement;40;1;2
05/09/2023;250;AXA;112;1;2
05/09/2023;100;Epargne AXA Assurance vie;110;1;2
05/09/2023;15;Cadeau Ana?s;47;1;2
06/09/2023;20.5;Polo;81;1;2
08/09/2023;11.78;Market - Le Pallet;9;1;2
10/09/2023;42.18;Peugeot 2008;81;1;2
10/09/2023;33.3;Olio et Buro;44;1;2
11/09/2023;31.03;Cr?dit Agricole;71;1;2
12/09/2023;7.99;Ecojoko - Abonnement;24;1;2
13/09/2023;124.99;Abonnement Chess.com;24;1;2
13/09/2023;82;RAL 2023;99;1;2
13/09/2023;20.48;Dons Backseat;49;1;2
14/09/2023;40;RACC Palet - Licence;34;1;2
15/09/2023;20.52;Cr?dit Agricole;63;1;2
15/09/2023;40;Caf? du passage;44;1;2
16/09/2023;141.65;VnB - Stock bi?res;10;1;2
16/09/2023;31;VnB - Ap?ro;26;1;2
18/09/2023;48;Taxe fonci?re;61;1;2
20/09/2023;3.2;Cr?dit Agricole;64;1;2
21/09/2023;15;Cr?dit Agricole - CB Gold;117;1;2
21/09/2023;43.22;Peugeot 2008;81;1;2
22/09/2023;12.7;Caf? du passage;44;1;2
22/09/2023;21.7;Ty Boutic;9;1;2
25/09/2023;87;2 cartons de bulles;46;1;2
25/09/2023;331.62;MAM;40;1;2
25/09/2023;9.5;Kebab;9;1;2
25/09/2023;3.92;Elly - Craquotte;9;1;2
28/09/2023;14.9;Culinarion;45;1;2
02/10/2023;8.72;Cr?dit Agricole;68;1;2
02/10/2023;47.9;Cr?dit Agricole;71;1;2
02/10/2023;50;Orange;106;1;2
02/10/2023;28;Orange - OCS + Netflix;75;1;2
02/10/2023;98;TER - TAN - Mensuel;87;1;2
04/10/2023;36.46;Cr?dit Agricole;65;1;2
05/10/2023;40;UTWIN;66;1;2
05/10/2023;300;Abondement;40;1;2
05/10/2023;9;SAUR;104;1;2
05/10/2023;85;EDF;105;1;2
05/10/2023;450;Cr?dit Agricole (221 647?);20;1;2
05/10/2023;138.79;Cr?dit Agricole - PTZ (9 993?);21;1;2
05/10/2023;5.44;Assurance PTZ (9 993?);67;1;2
05/10/2023;10;SOSH;107;1;2
05/10/2023;100;AXA;110;1;2
05/10/2023;250;AXA;112;1;2
05/10/2023;115.38;Dons r?guliers;49;1;2
05/10/2023;32;Boulangerie ;9;1;2
06/10/2023;59;Liquides;38;1;2
06/10/2023;21.01;Express U;41;1;2
06/10/2023;0.13;Frais d?biteurs;19;1;2
08/10/2023;28.23;Peugeot 2008;81;1;2
10/10/2023;50;CIC;113;1;2
10/10/2023;31.03;Cr?dit Agricole;71;1;2
10/10/2023;7.99;Ecojoko - Mensuel;24;1;2
12/10/2023;88.84;Leclerc Clisson;41;1;2
13/10/2023;300;Helios ;111;1;2
14/10/2023;64.9;Cave ? vin - Whisky;41;1;2
14/10/2023;25.23;Biocoop;9;1;2
15/10/2023;118.6;Vallet - Resto;44;1;2
16/10/2023;20.52;Cr?dit Agricole;63;1;2
17/10/2023;48;Taxe fonci?re;61;1;2
18/10/2023;15.2;Francesca;44;1;2
20/10/2023;20;Dubrown;44;1;2
20/10/2023;3.2;Cr?dit Agricole;64;1;2
21/10/2023;15;Cr?dit Agricole - CB Gold Premium;117;1;2
24/10/2023;8.82;Carrefour express;9;1;2
26/10/2023;10.5;Kebab;44;1;2
27/10/2023;16.46;RAL 2023 - Bi?res;96;1;2
27/10/2023;19;Elly - Pharmacie;56;1;2
27/10/2023;51.7;Olio et Buro;44;1;2
28/10/2023;20;RAL 2023;102;1;2
29/10/2023;23.1;RAL 2023 - McDo;96;1;2
29/10/2023;40.1;RAL 2023 - Peugeot 2008;98;1;2
30/10/2023;11.1;RAL 2023 - P?age;103;1;2
31/10/2023;299.71;MAM;40;1;2
31/10/2023;84.54;Biocoop;9;1;2
31/10/2023;25.28;Peugeot 2008;81;1;2
01/11/2023;50;Orange;106;1;2
01/11/2023;28;Netflix;75;1;2
02/11/2023;8.72;Cr?dit Agricole;68;1;2
02/11/2023;47.9;Cr?dit Agricole;71;1;2
02/11/2023;102.5;H?tel 1845;100;1;2
02/11/2023;40;Si?ge auto;79;1;2
02/11/2023;72.5;Anniv Jo - Leclerc Clisson;41;1;2
03/11/2023;34.3;Win et Wok;44;1;2
04/11/2023;107.23;Bricomarch?;6;1;2
04/11/2023;38.57;Polo;81;1;2
06/11/2023;39.1;Cr?dit Agricole;65;1;2
06/11/2023;40;UTWIN;66;1;2
06/11/2023;5.44;Assurance PTZ (9 993?);67;1;2
06/11/2023;300;Abondement;40;1;2
06/11/2023;9;SAUR;104;1;2
06/11/2023;85;EDF;105;1;2
06/11/2023;450;Cr?dit Agricole (221 647?);20;1;2
06/11/2023;138.79;Cr?dit Agricole - PTZ (9 993?);21;1;2
06/11/2023;10;SOSH;107;1;2
06/11/2023;43.8;TER - TAN - Mensuel;87;1;2
06/11/2023;100;AXA;110;1;2
06/11/2023;250;AXA;112;1;2
06/11/2023;115.48;Dons r?guliers;49;1;2
09/11/2023;8.06;Cr?dit Agricole;64;1;2
09/11/2023;7.99;Ecojoko - Mensuel;24;1;2
10/11/2023;31.03;Cr?dit Agricole;71;1;2
10/11/2023;50;CIC;113;1;2
10/11/2023;46.24;Bricomarch?;6;1;2
10/11/2023;304.98;MAM;40;1;2
11/11/2023;30.6;TER - Nantes Lorient ;87;1;2
11/11/2023;20.7;Ker Juliette;44;1;2
11/11/2023;15.45;Supermarch? ;9;1;2
12/11/2023;20;Cr?dit Mutuel;109;1;2
15/11/2023;20.52;Cr?dit Agricole;63;1;2
15/11/2023;9.9;CDP;44;1;2
16/11/2023;36;Taxe fonci?re;61;1;2
16/11/2023;60;2 cartons de BARACC;10;1;2
17/11/2023;15;CDP;44;1;2
17/11/2023;28.98;FNAC - Cadeau No?l;52;1;2
17/11/2023;2.2;Caf?;44;1;2
21/11/2023;15;Cr?dit Agricole - CB Gold Premium;117;1;2
22/11/2023;12.68;Bougie + d?co No?l;47;1;2
22/11/2023;39.9;Moulin Roty - Anniversaire Elly;47;1;2
24/11/2023;25.5;CDP;44;1;2
26/11/2023;14.5;Boulangerie ;9;1;2
27/11/2023;15;Anniv Gro;47;1;2
29/11/2023;12;March? de No?l - Tartiflette;44;1;2
29/11/2023;7.3;Caf?;26;1;2
01/12/2023;9.19;Cr?dit Agricole;68;1;2
01/12/2023;47.9;Cr?dit Agricole;71;1;2
01/12/2023;50.99;Orange;106;1;2
01/12/2023;13.49;Netflix;75;1;2
02/12/2023;19.9;Coffret bi?res - Anniv Gro;47;1;2
02/12/2023;33.84;Polo;81;1;2
02/12/2023;59.9;Liquides;38;1;2
04/12/2023;39.16;Cr?dit Agricole;65;1;2
05/12/2023;450;Cr?dit Agricole (221 647?);20;1;2
05/12/2023;40;UTWIN;66;1;2
05/12/2023;5.44;Assurance PTZ (9 993?);67;1;2
05/12/2023;352.95;MAM;40;1;2
05/12/2023;300;Abondement;40;1;2
05/12/2023;9;SAUR;104;1;2
05/12/2023;85;EDF;105;1;2
05/12/2023;138.79;Cr?dit Agricole - PTZ (9 993?);21;1;2
05/12/2023;10.99;SOSH;107;1;2
05/12/2023;98;TER - TAN - Mensuel;87;1;2
05/12/2023;115.48;Dons r?guliers;49;1;2
05/12/2023;100;AXA;110;1;2
05/12/2023;250;AXA;112;1;2
07/12/2023;14.63;Hyper U Vallet ;41;1;2
09/12/2023;77.67;Bricomarch?;6;1;2
09/12/2023;15.7;Hyper U Vallet ;41;1;2
10/12/2023;4.25;Boulangerie ;9;1;2
11/12/2023;8.06;Cr?dit Agricole;64;1;2
11/12/2023;29.26;Cr?dit Agricole;71;1;2
11/12/2023;50;CIC;113;1;2
11/12/2023;23.9;Jedu de soci?t? - No Name;52;1;2
13/12/2023;38.6;Caf? du passage;44;1;2
14/12/2023;60;Place de th??tre - Pauline;52;1;2
15/12/2023;17.5;Cr?dit Agricole;63;1;2
18/12/2023;10.5;Quebreizh;26;1;2
19/12/2023;14;La Poste - Retour Ecojoko;73;1;2
19/12/2023;1500;La Nef;111;1;2
19/12/2023;1500;HELIOS ;111;1;2
20/12/2023;147.5;Pot de d?part - Lune froide;26;1;2
20/12/2023;10.95;CDP;44;1;2
20/12/2023;27.85;Les petits papiers;41;1;2
21/12/2023;1500;La Nef;111;1;2
21/12/2023;15;Cr?dit Agricole - CB Gold Premium;117;1;2
22/12/2023;11;1001 Vins - muscadet;46;1;2
22/12/2023;46;Lucile - Terranina;52;1;2
22/12/2023;49.8;So - Coutures;47;1;2
22/12/2023;29.2;CDP;44;1;2
22/12/2023;11.7;Chez Lulu;26;1;2
22/12/2023;33.5;M?lomane;35;1;2
23/12/2023;52;Cadeau Luc et Pacale;52;1;2
26/12/2023;31.42;Peugeot 2008;81;1;2
26/12/2023;32.7;SNCF Lorient Nantes;87;1;2
30/12/2024;2;FDJ - Natacha;22;1;2
30/12/2024;5.66;La ferme de chez nous;36;1;2
30/12/2024;29.24;Hyper U Vallet ;41;1;2
30/12/2024;23.89;La ferme de chez nous;9;1;2
30/12/2024;12.3;Biocoop;36;1;2
31/12/2024;84;Boucherie;36;1;2
31/12/2024;13.85;Boulangerie ;36;1;2
31/12/2024;10.95;Market - Le Pallet;9;1;2
02/01/2023;2688.54;Conserto - Janvier;12;1;1
05/01/2023;16.12;Lucile - Assurance Multirisque;22;1;1
12/01/2023;1044.9;CAMARA - Appareil photo Lumix;114;1;1
15/01/2023;325;Acompte 60%;116;1;1
18/01/2023;45;Netflix;22;1;1
24/01/2023;36;Lucile - Nouvel an;22;1;1
02/02/2023;3034.63;Conserto - f?vrier ;12;1;1
06/02/2023;16.12;Lucile - Assurance Multirisque;22;1;1
06/02/2023;9.52;Remboursement CPAM;145;1;1
22/02/2023;193;Acompte Damien Graton;114;1;1
24/02/2023;276.86;Polo - Pneus;114;1;1
24/02/2023;85.45;R?gul Carte Gold;22;1;1
01/03/2023;166.1;Acompte J?r?me Fior Electricit?;114;1;1
02/03/2023;2671.97;Conserto - f?vrier ;12;1;1
06/03/2023;16.12;Lucile - Assurance Multirisque;22;1;1
09/03/2023;500;WE Ski La Mongie;114;1;1
29/03/2023;664.4;Acompte J?r?me Fior Electricit?;114;1;1
30/03/2023;1051.8;Abondement travaux;114;1;1
03/04/2023;2689.97;Conserto - f?vrier ;12;1;1
05/04/2023;16.12;Lucile - Assurance Multirisque;22;1;1
03/05/2023;2895.66;Conserto - Avril;12;1;1
05/05/2023;16.12;Lucile - Assurance Multirisque;22;1;1
17/05/2023;1.36;Int?r?ts cr?diteurs;115;1;1
26/05/2023;320;Abondement travaux ;114;1;1
30/05/2023;50;Remboursement Le Ranolien;114;1;1
30/05/2023;1500;Epargne - Helios;114;1;1
02/06/2023;3005.79;Conserto - Mai;12;1;1
05/06/2023;16.12;Lucile - Assurance Multirisque;22;1;1
05/06/2023;1035.79;Travaux - Terrassement;114;1;1
05/06/2023;100;CE Conserto;22;1;1
07/06/2023;37.5;Hellfest - GroAlain - Pass;22;1;1
08/06/2023;1000;Epargne - Helios;114;1;1
09/06/2023;37.5;Hellfest - GroAlain - Pass;22;1;1
09/06/2023;645;Epargne - Helios;114;1;1
22/06/2023;26.03;Hellfest - Alex;22;1;1
23/06/2023;26.03;Hellfest - Emeric;22;1;1
27/06/2023;400;Abondement;114;1;1
27/06/2023;180;Hellfest - Pass 4j - Arn?;22;1;1
27/06/2023;250;Hellfest - Pass 4j - Pote Arn?;22;1;1
28/06/2023;84.9;Hellfest - Cashless - Arn?;22;1;1
29/06/2023;160.38;Hellfest - Cashless - Gro;22;1;1
02/07/2023;34.3;March? Vallet;114;1;1
02/07/2023;27.26;March? Vallet;114;1;1
03/07/2023;3308.47;Conserto - Juin;12;1;1
05/07/2023;16.12;Lucile - Charges mensuelles;22;1;1
10/07/2023;30;Lucile - Cadeau retraite papa;22;1;1
11/07/2023;156.88;Jardiland - Pots et jardini?re;114;1;1
17/07/2023;27.94;Elly - couches et gel douche;114;1;1
19/07/2023;150;Abondement;114;1;1
24/07/2023;1513;D?duction fiscale;116;1;1
02/08/2023;2957.09;Conserto - Juillet;12;1;1
07/08/2023;16.12;Lucile - Charges mensuelles;22;1;1
11/08/2023;151;WE Ile d'Yeu - GroAlain;22;1;1
15/08/2023;49.04;Lait + coton;114;1;1
17/08/2023;60;Abonnement mensuel TAN;22;1;1
18/08/2023;182;WE Ile d'Yeu - Kalou;22;1;1
23/08/2023;70;Abondement;114;1;1
23/08/2023;150;Helios;114;1;1
01/09/2023;60.33;Geotextile pour terrasse;114;1;1
04/09/2023;2956.59;Conserto - Ao?t;12;1;1
05/09/2023;18.23;Lucile - Charges mensuelles;22;1;1
02/10/2023;2984.59;Conserto - Septembre;12;1;1
05/10/2023;18.23;Lucile - Charges mensuelles;22;1;1
31/10/2023;74.3;RAL 2023;22;1;1
31/10/2023;109.82;Courses + carburant;22;1;1
02/11/2023;2949.59;Conserto - Octobre;12;1;1
06/11/2023;18.23;Lucile - Charges mensuelles;22;1;1
07/11/2023;6.76;RAL 2023 - Rozenn;22;1;1
17/11/2023;5.49;R?gul PACIFICA;22;1;1
04/12/2023;2944.04;Conserto - Octobre;12;1;1
05/12/2023;18.23;Lucile - Charges mensuelles;22;1;1
12/12/2023;65;Netflix;22;1;1
19/12/2023;4603;AXA - assurance vie;22;1;1
29/12/2023;47.3;Int?r?ts cr?diteurs;115;1;1
02/01/2024;9.25;Cr?dit Agricole;68;1;2
02/01/2024;47.9;Cr?dit Agricole;71;1;2
02/01/2024;50.99;Orange;106;1;2
02/01/2024;13.49;Netflix;75;1;2
03/01/2024;23.93;Bricomarch?;6;1;2
04/01/2024;39.16;Cr?dit Agricole;65;1;2
04/01/2024;38.5;Peugeot 2008;81;1;2
05/01/2024;5.44;Assurance PTZ (9 993?);67;1;2
05/01/2024;370.95;MAM;40;1;2
05/01/2024;300;Abondement;40;1;2
05/01/2024;9;SAUR;104;1;2
05/01/2024;85;EDF;105;1;2
05/01/2024;450;Cr?dit Agricole (221 647?);20;1;2
05/01/2024;138.79;Cr?dit Agricole - PTZ (9 993?);21;1;2
05/01/2024;10.99;SOSH;107;1;2
05/01/2024;98;TER - TAN - Mensuel;87;1;2
05/01/2024;250;AXA;112;1;2
05/01/2024;115.48;Dons r?guliers;49;1;2
05/01/2024;40;UTWIN;66;1;2
09/01/2024;8.06;Cr?dit Agricole;64;1;2
09/01/2024;37.7;Bricomarch?;6;1;2
10/01/2024;29.26;Cr?dit Agricole;71;1;2
10/01/2024;38.53;Polo;81;1;2
10/01/2024;50;CIC;113;1;2
10/01/2024;30.05;Hyper U - Vallet;41;1;2
10/01/2024;65.7;Liquides ;38;1;2
11/01/2024;60.88;Bricomarch? ;6;1;2
14/01/2024;71.15;Pic du midi - location de ski;99;1;2
15/01/2024;17.5;Cr?dit Agricole;63;1;2
15/01/2024;56;Taxe fonci?re;61;1;2
16/01/2024;11.44;Elec44 - Prise de courant USB;6;1;2
18/01/2024;10.5;La Poste - Renvoi pantalon bask in the sun;43;1;2
23/01/2024;16;Cr?dit Agricole - CB Gold Premium;117;1;2
16/01/2024;7.9;Serum phy;56;1;2
18/01/2024;129.5;Leroy Merlin;6;1;2
18/01/2024;88.95;360 Outdoor Expert;43;1;2
18/01/2024;74.98;Intersport;43;1;2
22/01/2024;65;Biosfaire - Peinture ;6;1;2
22/01/2024;11.9;Espace Emeraude - sable;6;1;2
24/01/2024;9.35;Bricomarch?;6;1;2
25/01/2024;0.9;Boulangerie;9;1;2
25/01/2024;24;Pic du midi - La Yunta;101;1;2
28/01/2024;9.2;Pic du midi - Restauration autoroute;96;1;2
28/01/2024;18.75;Mcdo;9;1;2
26/01/2024;26.8;Pic du midi - Pharmacie;99;1;2
27/01/2024;30;Pic du midi - Le Schuss;101;1;2
26/01/2024;35;Pic du midi - Auberge des neiges;101;1;2
26/01/2024;64;Pic du midi - Forfait;99;1;2
27/01/2024;178;Pic du midi - L'Isard;101;1;2
30/01/2024;52.67;Leroy Merlin;6;1;2
30/01/2024;6;Elly - Sirop ;56;1;2
01/02/2024;47.62;bricomarch? ;6;1;2
01/02/2024;9.25;Cr?dit Agricole;68;1;2
01/02/2024;47.9;Cr?dit Agricole;71;1;2
01/02/2024;50.99;Orange;106;1;2
01/02/2024;13.49;Netflix;75;1;2
02/02/2024;10;Lucile - boucle d'oreilles;47;1;2
02/02/2024;46;Lucile - BD;47;1;2
02/02/2024;17.6;Lucile - Chocolats;47;1;2
03/02/2024;21;CA8M;22;1;2
04/02/2024;15.45;Boulangerie;9;1;2
05/02/2024;39.16;Cr?dit Agricole;65;1;2
05/02/2024;40;UTWIN;66;1;2
05/02/2024;5.44;Assurance PTZ (9 993?);67;1;2
05/02/2024;273.25;MAM;40;1;2
05/02/2024;300;Abondement;40;1;2
05/02/2024;9;SAUR;104;1;2
05/02/2024;85;EDF;105;1;2
05/02/2024;450;Cr?dit Agricole (221 647?);20;1;2
05/02/2024;138.79;Cr?dit Agricole - PTZ (9 993?);21;1;2
05/02/2024;10.99;SOSH;107;1;2
05/02/2024;98;TER - TAN - Mensuel;87;1;2
05/02/2024;250;AXA;112;1;2
05/02/2024;115.48;Dons r?guliers;49;1;2
06/02/2024;99.99;Bricomarch? - Projecteur LED;6;1;2
07/02/2024;155.75;Biosfaire - Peinture ;6;1;2
09/02/2024;8.06;Cr?dit Agricole;64;1;2
11/02/2024;21;Bi?res qu?becoises;10;1;2
12/02/2024;29.26;Cr?dit Agricole;71;1;2
12/02/2024;50;CIC;113;1;2
12/02/2024;100;Cadeau West Side Story;47;1;2
15/02/2024;17.5;Cr?dit Agricole;63;1;2
15/02/2024;50;Anniv Gro;47;1;2
15/02/2024;42.35;Bricomarch? ;6;1;2
16/02/2024;56;Taxe fonci?re;61;1;2
17/02/2024;1.9;Burger King;44;1;2
19/02/2024;65;Biosfaire - Peinture ;6;1;2
21/02/2024;16;Cr?dit Agricole - CB Gold Premium;117;1;2
21/02/2024;35.29;Bricomarch?;6;1;2
22/02/2024;14.54;Pic du midi - remboursement Vince;99;1;2
24/02/2024;31.47;Peugeot 2008;81;1;2
25/02/2024;56;Go?ter post Escape Game;26;1;2
27/02/2024;65.22;Champion Clisson;6;1;2
28/02/2024;3.49;Bureau Vall?e;42;1;2
28/02/2024;42.99;Jardiland;118;1;2
28/02/2024;99.99;Netgear Security - Abo. annuel;75;1;2
29/02/2024;106.36;Bricomarch?;6;1;2
01/03/2024;19.09;Bricomarch?;6;1;2
01/03/2024;2;La Sangu?ze;44;1;2
01/03/2024;9.25;Cr?dit Agricole;68;1;2
01/03/2024;47.9;Cr?dit Agricole;71;1;2
01/03/2024;60;Free;106;1;2
04/03/2024;39.16;Cr?dit Agricole;65;1;2
05/03/2024;40;UTWIN;66;1;2
05/03/2024;5.44;Assurance PTZ (9 993?);67;1;2
05/03/2024;313.39;MAM;40;1;2
05/03/2024;300;Abondement;40;1;2
05/03/2024;9;SAUR;104;1;2
05/03/2024;85;EDF;105;1;2
05/03/2024;450;Cr?dit Agricole (221 647?);20;1;2
05/03/2024;138.79;Cr?dit Agricole - PTZ (9 993?);21;1;2
05/03/2024;10.99;SOSH;107;1;2
05/03/2024;98;TER - TAN - Mensuel;87;1;2
05/03/2024;115.48;Dons r?guliers;49;1;2
05/03/2024;250;AXA;112;1;2
05/03/2024;15.11;OVH - Abonnement annuel ;24;1;2
06/03/2024;50;Cadeau d?c?s Sophie Nobiron;48;1;2
07/03/2024;300;Helios;111;1;2
07/03/2024;7.67;d?jeuner ;9;1;2
10/03/2024;27.73;Supermarch? Le Pallet ;9;1;2
10/03/2024;2.4;Boulangerie ;9;1;2
11/03/2024;8.06;Cr?dit Agricole;64;1;2
11/03/2024;29.26;Cr?dit Agricole;71;1;2
11/03/2024;50;CIC;113;1;2
13/03/2024;76.9;Peinture Algo - Toilettes;6;1;2
13/03/2024;50;Abondement Fortuneo;106;1;2
15/03/2024;17.5;Cr?dit Agricole;63;1;2
15/03/2024;109.99;Le Monde - Abonnement annuel ;24;1;2
15/03/2024;69;M?diacit?s - Abonnement annuel ;24;1;2
15/03/2024;33.78;Polo;81;1;2
15/03/2024;7.8;Le Berlin;44;1;2
16/03/2024;34;Leroy Merlin ;6;1;2
18/03/2024;8.7;Carrefour market La Gare;9;1;2
18/03/2024;56;Taxe fonci?re;61;1;2
18/03/2024;9;SPAR;9;1;2
20/03/2024;6.2;Boulangerie;9;1;2
20/03/2024;20;Fleurs obs?que papa Babeth;48;1;2
21/03/2024;60.09;Bricomarch?;6;1;2
21/03/2024;16;Cr?dit Agricole - CB Gold Premium;117;1;2
27/03/2024;79.87;Liquides ;38;1;2
27/03/2024;8.99;Bonbonne de gaz;45;1;2
27/03/2024;4.35;Boulangerie;9;1;2
28/03/2024;9.8;Boulangerie;9;1;2
29/03/2024;32.3;CDP;44;1;2
29/03/2024;66.9;Boulangerie - P?ques;9;1;2
02/04/2024;9.25;Cr?dit Agricole;68;1;2
02/04/2024;47.9;Cr?dit Agricole;71;1;2
02/04/2024;56.99;Free;106;1;2
04/04/2024;14.7;Boulangerie;9;1;2
04/04/2024;39.16;Cr?dit Agricole;65;1;2
05/04/2024;40;UTWIN;66;1;2
05/04/2024;5.44;Assurance PTZ (9 993?);67;1;2
05/04/2024;343.17;MAM;40;1;2
05/04/2024;300;Abondement;40;1;2
05/04/2024;9;SAUR;104;1;2
05/04/2024;85;EDF;105;1;2
05/04/2024;450;Cr?dit Agricole (221 647?);20;1;2
05/04/2024;138.79;Cr?dit Agricole - PTZ (9 993?);21;1;2
05/04/2024;10.99;SOSH;107;1;2
05/04/2024;98;TER - TAN - Mensuel;87;1;2
05/04/2024;125.48;Dons r?guliers;49;1;2
05/04/2024;300;HELIOS;111;1;2
05/04/2024;267;AXA;112;1;2
07/04/2024;11.3;Boulangerie;9;1;2
09/04/2024;10;FDJ;31;1;2
09/04/2024;7.4;Boulangerie;9;1;2
09/04/2024;8.06;Cr?dit Agricole;64;1;2
10/04/2024;29.26;Cr?dit Agricole;71;1;2
10/04/2024;50;CIC;113;1;2
10/04/2024;147.73;Mat?riel Bricolage;6;1;2
10/04/2024;17;Bagels;44;1;2
11/04/2024;21.75;Ferme de Chez nous;9;1;2
12/04/2024;42.8;Win & Cook;44;1;2
12/04/2024;33.44;Peugeot 2008;81;1;2
14/04/2024;5.3;Boulangerie;9;1;2
15/04/2024;17.5;Cr?dit Agricole;63;1;2
16/04/2024;3.6;Boulangerie;9;1;2
16/04/2024;56;Taxe fonci?re;61;1;2
17/04/2024;17.5;SoFresh;44;1;2
18/04/2024;9.8;Boulangerie;9;1;2
21/04/2024;16;Cr?dit Agricole - CB Gold Premium;117;1;2
22/04/2024;13.47;Leclerc;41;1;2
22/04/2024;7.3;Boulangerie;9;1;2
22/04/2024;1.58;Champion Clisson;6;1;2
23/04/2024;10;Boulangerie;9;1;2
24/04/2024;28.1;CDP;44;1;2
24/04/2024;24.9;BD Story;25;1;2
24/04/2024;15;LU;26;1;2
25/04/2024;42.3;Leroy Merlin;6;1;2
25/04/2024;7.93;Leclerc;9;1;2
29/04/2024;35;Smartbox;34;1;2
02/05/2024;9.25;Cr?dit Agricole;68;1;2
02/05/2024;47.9;Cr?dit Agricole;71;1;2
02/05/2024;57.49;Free;106;1;2
02/05/2024;300;CA;111;1;2
03/05/2024;125;Bi?res;10;1;2
03/05/2024;12.2;CDP;44;1;2
05/05/2024;39.16;Cr?dit Agricole;65;1;2
05/05/2024;267;AXA;112;1;2
05/05/2024;60;7?me vague - Places ;28;1;2
05/05/2024;7;Canal +;75;1;2
06/05/2024;40;UTWIN;66;1;2
06/05/2024;5.44;Assurance PTZ (9 993?);67;1;2
06/05/2024;329.43;MAM;40;1;2
06/05/2024;300;Abondement;40;1;2
06/05/2024;9;SAUR;104;1;2
06/05/2024;85;EDF;105;1;2
06/05/2024;450;Cr?dit Agricole (221 647?);20;1;2
04/05/2024;26.5;Cave ? vin le Pallet;10;1;2
06/05/2024;138.79;Cr?dit Agricole - PTZ (9 993?);21;1;2
06/05/2024;10.99;SOSH;107;1;2
06/05/2024;98;TER - TAN - Mensuel;87;1;2
06/05/2024;125.48;Dons r?guliers;49;1;2
07/05/2024;23.8;Cave ? vin Vallet;10;1;2
07/05/2024;26.4;Pressing Vallet;143;1;2
07/05/2024;86.58;Vapostore;38;1;2
08/05/2024;50;CIC;113;1;2
10/05/2024;29.26;Cr?dit Agricole;71;1;2
11/05/2024;23.81;Peugeot 2008;81;1;2
11/05/2024;32;7?me vague;28;1;2
11/05/2024;61;7?me vague;28;1;2
13/05/2024;8.06;Cr?dit Agricole;64;1;2
14/05/2024;26.55;Liquides ;38;1;2
15/05/2024;17.5;Cr?dit Agricole;63;1;2
15/05/2024;90;3 cartons de Triboulette;10;1;2
16/05/2024;56;Taxe fonci?re;61;1;2
16/05/2024;35.2;Weldom;6;1;2
16/05/2024;4.9;Paul;9;1;2
18/05/2024;1.5;Zoo La boissi?re;9;1;2
19/05/2024;11.45;Boulangerie;9;1;2
21/05/2024;16;Cr?dit Agricole - CB Gold Premium;117;1;2
22/05/2024;20;Taxi;50;1;2
22/05/2024;11.99;Lunettes de soleil;43;1;2
22/05/2024;1.52;CA;117;1;2
23/05/2024;5.57;Hyper U - Vallet;41;1;2
23/05/2024;7.1;CDP;44;1;2
24/05/2024;41.5;R?ve en T?te - Vallet;39;1;2
30/05/2024;10;Kebab;9;1;2
02/06/2024;6.3;Boulangerie;9;1;2
02/06/2024;16.4;Poulet roti - march? Vallet;9;1;2
03/06/2024;9.25;Cr?dit Agricole;68;1;2
03/06/2024;47.9;Cr?dit Agricole;71;1;2
03/06/2024;57.49;Free;106;1;2
03/06/2024;300;CA;111;1;2
03/06/2024;8.81;Cantine EDF;44;1;2
03/06/2024;35.27;Polo;81;1;2
04/06/2024;39.16;Cr?dit Agricole;65;1;2
05/06/2024;40;UTWIN;66;1;2
05/06/2024;5.44;Assurance PTZ (9 993?);67;1;2
05/06/2024;528.09;MAM;40;1;2
05/06/2024;300;Abondement;40;1;2
05/06/2024;9;SAUR;104;1;2
05/06/2024;450;Cr?dit Agricole (221 647?);20;1;2
05/06/2024;138.79;Cr?dit Agricole - PTZ (9 993?);21;1;2
05/06/2024;10.99;SOSH;107;1;2
05/06/2024;98;TER - TAN - Mensuel;87;1;2
05/06/2024;125.48;Dons r?guliers;49;1;2
05/06/2024;7;Canal +;75;1;2
05/06/2024;267;AXA;112;1;2
08/06/2024;29.9;Arnaud - Carburant d?broussailleuse;6;1;2
08/06/2024;21.6;Les papas brasseurs;26;1;2
10/06/2024;30.46;Cr?dit Agricole;71;1;2
10/06/2024;50;Guigui et Lucie;50;1;2
10/06/2024;50;CIC;113;1;2
11/06/2024;8.06;Cr?dit Agricole;64;1;2
11/06/2024;106.2;Liquides;38;1;2
12/06/2024;2.15;RATP;87;1;2
13/06/2024;3.2;RATP;87;1;2
15/06/2024;101.2;Leroy Merlin - Chaises + brass compost;118;1;2
17/06/2024;18.26;Cr?dit Agricole;63;1;2
18/06/2024;56;Taxe fonci?re;61;1;2
21/06/2024;16;Cr?dit Agricole - CB Gold Premium;117;1;2
21/06/2024;15.4;CDP;44;1;2
21/06/2024;41.2;Les papas brasseurs;26;1;2
21/06/2024;72;Bi?res bouteilles - Les Papas brasseurs;10;1;2
23/06/2024;22.7;McDo;44;1;2
24/06/2024;20;Caisse d'?pargne;109;1;2
26/06/2024;25;NDJ - Casquette;43;1;2
26/06/2024;12.33;Kesskece;44;1;2
26/06/2024;33.13;Polo;81;1;2
27/06/2024;11.3;Boulangerie;9;1;2
27/06/2024;35.48;Boucherie;9;1;2
01/07/2024;9.25;Cr?dit Agricole;68;1;2
01/07/2024;47.9;Cr?dit Agricole;71;1;2
01/07/2024;57.49;Free;106;1;2
02/07/2024;300;HELIOS;111;1;2
04/07/2024;39.16;Cr?dit Agricole;65;1;2
05/07/2024;40;UTWIN;66;1;2
05/07/2024;5.44;Assurance PTZ (9 993?);67;1;2
05/07/2024;386.96;MAM;40;1;2
05/07/2024;300;Abondement;40;1;2
05/07/2024;9;SAUR;104;1;2
05/07/2024;77.36;EDF;105;1;2
05/07/2024;450;Cr?dit Agricole (221 647?);20;1;2
05/07/2024;138.79;Cr?dit Agricole - PTZ (9 993?);21;1;2
05/07/2024;10.99;SOSH;107;1;2
05/07/2024;98;TER - TAN - Mensuel;87;1;2
05/07/2024;267;AXA;112;1;2
05/07/2024;125.48;Dons r?guliers;49;1;2
05/07/2024;7;Canal +;75;1;2
05/07/2024;76;Binocle - Lunettes;43;1;2
06/07/2024;280.8;Les Galloires;46;1;2
06/07/2024;165;L'Aiguillette;46;1;2
09/07/2024;8.06;Cr?dit Agricole;64;1;2
10/07/2024;30.46;Cr?dit Agricole;71;1;2
10/07/2024;50;CIC;113;1;2
15/07/2024;18.25;Cr?dit Agricole;63;1;2
16/07/2024;56;Taxe fonci?re;61;1;2
16/07/2024;106.2;Liquides;38;1;2
16/07/2024;10.9;Bricomarch?;6;1;2
18/07/2024;20;Coque Samsung S24;107;1;2
18/07/2024;30;Protection ?cran Samsung S24;107;1;2
18/07/2024;39.95;Materiel.net - mini station;74;1;2
18/07/2024;0.6;Nantes - Mouzillon :(;85;1;2
21/07/2024;16;Cr?dit Agricole - CB Gold Premium;117;1;2
23/07/2024;7.15;Bricomarch?;118;1;2
24/07/2024;723;Lucile - Remboursement imp?ts;22;1;2
24/07/2024;1500;Helios;111;1;2
26/07/2024;17.8;Caf? du Passage;44;1;2
02/08/2024;9.25;Cr?dit Agricole;68;1;2
02/08/2024;47.9;Cr?dit Agricole;71;1;2
02/08/2024;57.49;Free;106;1;2
03/08/2024;4.55;McDo;44;1;2
04/08/2024;12.4;Cr?pes ;9;1;2
05/08/2024;39.16;Cr?dit Agricole;65;1;2
05/08/2024;40;UTWIN;66;1;2
05/08/2024;5.44;Assurance PTZ (9 993?);67;1;2
05/08/2024;306.62;MAM;40;1;2
05/08/2024;300;Abondement;40;1;2
05/08/2024;9;SAUR;104;1;2
05/08/2024;77.36;EDF;105;1;2
05/08/2024;450;Cr?dit Agricole (221 647?);20;1;2
05/08/2024;138.79;Cr?dit Agricole - PTZ (9 993?);21;1;2
05/08/2024;99.1;TER - TAN - Mensuel;87;1;2
05/08/2024;300;HELIOS;111;1;2
05/08/2024;125.48;Dons r?guliers;49;1;2
05/08/2024;7;Canal +;75;1;2
05/08/2024;9.99;Free Mobile;107;1;2
05/08/2024;24.99;Free - Location S24;107;1;2
07/08/2024;9.89;La Poste - Envoi t?l?phone pro;41;1;2
07/08/2024;6.68;Larmor-Plage;56;1;2
08/08/2024;260;Goodvest;112;1;2
08/08/2024;41;Tavarn- Lorient ;44;1;2
08/08/2024;19.4;Tavarn - Lorient;26;1;2
08/08/2024;16.6;Soir?e Lorient ;26;1;2
09/08/2024;8.06;Cr?dit Agricole;64;1;2
10/08/2024;44.2;Lorient - Saint Gilles AR;87;1;2
11/08/2024;17.1;Guinguette Toulhars;26;1;2
12/08/2024;30.46;Cr?dit Agricole;71;1;2
12/08/2024;50;CIC;113;1;2
12/08/2024;55.66;Mangas;47;1;2
12/08/2024;114.8;Whisky Rhum;47;1;2
12/08/2024;33;La cabane de Luc;26;1;2
13/08/2024;24;Casino;26;1;2
13/08/2024;6.35;picerie Saint Gilles;9;1;2
13/08/2024;31.4;FIL;26;1;2
13/08/2024;40;Casino ;109;1;2
14/08/2024;19;FIL - Bouquin;33;1;2
16/08/2024;18.25;Cr?dit Agricole;63;1;2
16/08/2024;35.35;Bricomarch? - Jardin;118;1;2
17/08/2024;46.5;La Guinguette - St Herblain;26;1;2
18/08/2024;3.6;Boulangerie ;9;1;2
19/08/2024;56;Taxe fonci?re;61;1;2
21/08/2024;16;Cr?dit Agricole - CB Gold Premium;117;1;2
22/08/2024;10.74;7eme vague - C?tes de boeuf;28;1;2
23/08/2024;38.77;Bricomarch?;6;1;2
23/08/2024;40;CA;109;1;2
24/08/2024;19.1;Win & Wok;44;1;2
25/08/2024;4.95;Market - Le Pallet;9;1;2
25/08/2024;14.05;Boulangerie;9;1;2
28/08/2024;8.99;Bonbonne de gaz;45;1;2
30/08/2024;21.8;City Vap - Liquides;38;1;2
02/09/2024;57.49;Free;106;1;2
02/09/2024;9.25;Cr?dit Agricole;68;1;2
02/09/2024;51.76;Cr?dit Agricole;71;1;2
02/09/2024;300;HELIOS;111;1;2
04/09/2024;39.16;Cr?dit Agricole;65;1;2
05/09/2024;48.42;UTWIN;66;1;2
05/09/2024;5.44;Assurance PTZ (9 993?);67;1;2
05/09/2024;350;MAM;40;1;2
05/09/2024;300;Abondement;40;1;2
05/09/2024;9;SAUR;104;1;2
05/09/2024;77.36;EDF;105;1;2
05/09/2024;450;Cr?dit Agricole (221 647?);20;1;2
05/09/2024;138.79;Cr?dit Agricole - PTZ (9 993?);21;1;2
05/09/2024;98;TER - TAN - Mensuel;87;1;2
05/09/2024;125.48;Dons r?guliers;49;1;2
05/09/2024;7;Canal +;75;1;2
05/09/2024;12;Tickets m?tro;141;1;2
05/09/2024;9.99;Free Mobile;107;1;2
05/09/2024;24.99;Free - Location S24;107;1;2
05/09/2024;18.51;EDF - D?jeuner midi;141;1;2
06/09/2024;32.24;Polo;81;1;2
06/09/2024;17.89;Bricomarch?;6;1;2
09/09/2024;18.6;Brico d?pot;6;1;2
09/09/2024;22.99;Chargeur t?l?phone;73;1;2
10/09/2024;8.06;Cr?dit Agricole;64;1;2
10/09/2024;30.46;Cr?dit Agricole;71;1;2
10/09/2024;275;Goodvest;112;1;2
10/09/2024;50;CIC;113;1;2
12/09/2024;7.65;D?jeuner;44;1;2
12/09/2024;55.4;Leroy Merlin;133;1;2
16/09/2024;9.9;Weldom;6;1;2
16/09/2024;18.25;Cr?dit Agricole;63;1;2
16/09/2024;10.8;Plum;111;1;2
17/09/2024;56;Taxe fonci?re;61;1;2
18/09/2024;27.99;Plum;111;1;2
18/09/2024;10.8;Tickets m?tro;141;1;2
18/09/2024;10;Liquides;38;1;2
18/09/2024;36;Pot entre coll?gues;26;1;2
18/09/2024;73.5;Pot entre coll?gues;26;1;2
19/09/2024;80;80 ans KL;47;1;2
19/09/2024;4.23;Taxe de s?jour;141;1;2
21/09/2024;16;Cr?dit Agricole - CB Gold Premium;117;1;2
22/09/2024;23.1;l'Epicerie;44;1;2
22/09/2024;5.9;Parking Nantes;84;1;2
24/09/2024;4.58;Hyper U - Vallet;41;1;2
24/09/2024;24.77;Peugeot 2008;81;1;2
25/09/2024;41.7;Plum;111;1;2
25/09/2024;96.22;Camping Saint-Malo;100;1;2
26/09/2024;14;Boulangerie;9;1;2
27/09/2024;43.6;City Vap - Liquides;38;1;2
28/09/2024;5.3;Saint Malo;84;1;2
01/10/2024;9.25;Cr?dit Agricole;68;1;2
01/10/2024;51.73;Cr?dit Agricole;71;1;2
01/10/2024;57.49;Free;106;1;2
01/10/2024;9.99;Free Mobile;107;1;2
01/10/2024;24.99;Free - Location S24;107;1;2
01/10/2024;20;Jeux ? gratter;31;1;2
02/10/2024;39.7;Plum;111;1;2
03/10/2024;8.78;D?jeuner EDF;44;1;2
03/10/2024;171.89;Anniv Jo - Leclerc Clisson;47;1;2
04/10/2024;39.16;Cr?dit Agricole;65;1;2
05/10/2024;13.8;Bricomarch?;118;1;2
05/10/2024;25.44;Bricomarch?;6;1;2
05/10/2024;50;Anniv Jo - Ar?mes divins;47;1;2
05/10/2024;100.07;Anniv Jo - Boucherie Le Pallet;47;1;2
07/10/2024;48.42;UTWIN;66;1;2
07/10/2024;5.44;Assurance PTZ (9 993?);67;1;2
07/10/2024;270.98;MAM;40;1;2
07/10/2024;300;Abondement;40;1;2
07/10/2024;9;SAUR;104;1;2
07/10/2024;77.36;EDF;105;1;2
07/10/2024;59;Taxe fonci?re;61;1;2
07/10/2024;450;Cr?dit Agricole (221 647?);20;1;2
07/10/2024;138.79;Cr?dit Agricole - PTZ (9 993?);21;1;2
07/10/2024;99.1;TER - TAN - Mensuel;87;1;2
07/10/2024;300;Helios;111;1;2
07/10/2024;275;Goodvest;112;1;2
07/10/2024;50;CIC;113;1;2
07/10/2024;125.48;Dons r?guliers;49;1;2
07/10/2024;7;Canal +;75;1;2
09/10/2024;8.06;Cr?dit Agricole;64;1;2
09/10/2024;63.84;Plum;111;1;2
10/10/2024;30.46;Cr?dit Agricole;71;1;2
10/10/2024;21;Bricomarch?;118;1;2
10/10/2024;15.77;Bricomarch?;6;1;2
11/10/2024;100;Anniv Jo - Prestation Lucile;47;1;2
14/10/2024;29.9;Polo;81;1;2
15/10/2024;18.25;Cr?dit Agricole;63;1;2
16/10/2024;51.21;Plum;111;1;2
18/10/2024;43.6;City Vap;38;1;2
19/10/2024;39;Pizza Groix;101;1;2
20/10/2024;24.6;Planches ap?ro - Groix;101;1;2
22/10/2024;16;Cr?dit Agricole - CB Gold Premium;117;1;2
23/10/2024;32.51;Plum;111;1;2
23/10/2024;11.75;Boulangerie;9;1;2
25/10/2024;8.99;Bonbonne de gaz;45;1;2
26/10/2024;37.8;Clos du Chaillou;46;1;2
29/10/2024;31.22;Polo;81;1;2
30/10/2024;21.5;Plum;111;1;2
30/10/2024;41.5;R?ve en t?te;39;1;2
30/10/2024;0.86;Hyper U;9;1;2
31/10/2024;29.97;Boulanger;41;1;2
02/11/2024;3.6;D?m?nagement KL;85;1;2
03/11/2024;3.6;Boulangerie;9;1;2
04/11/2024;42.32;Cr?dit Agricole;65;1;2
04/11/2024;9.25;Cr?dit Agricole;68;1;2
04/11/2024;51.73;Cr?dit Agricole;71;1;2
04/11/2024;57.49;Free;106;1;2
04/11/2024;9.99;Free Mobile;107;1;2
04/11/2024;24.99;Free - Location S24;107;1;2
04/11/2024;100.99;Sonos Move 2;73;1;2
05/11/2024;48.42;UTWIN;66;1;2
05/11/2024;5.44;Assurance PTZ (9 993?);67;1;2
05/11/2024;264.23;MAM;40;1;2
05/11/2024;300;Abondement;40;1;2
05/11/2024;9;SAUR;104;1;2
05/11/2024;77.36;EDF;105;1;2
05/11/2024;450;Cr?dit Agricole (221 647?);20;1;2
05/11/2024;138.79;Cr?dit Agricole - PTZ (9 993?);21;1;2
05/11/2024;100.8;TER - TAN - Mensuel;87;1;2
05/11/2024;300;Helios;111;1;2
05/11/2024;275;Goodvest;112;1;2
05/11/2024;50;CIC;113;1;2
05/11/2024;125.48;Dons r?guliers;49;1;2
05/11/2024;7;Canal +;75;1;2
06/11/2024;16.65;Hyper U;41;1;2
06/11/2024;8.79;Plum;111;1;2
09/11/2024;1.2;Boulangerie;9;1;2
10/11/2024;1.15;Boulangerie;9;1;2
15/11/2024;18.25;Cr?dit Agricole;63;1;2
12/11/2024;8.47;Cr?dit Agricole;64;1;2
08/11/2024;59.3;Plum;111;1;2
08/11/2024;27.5;Caf? du passage;44;1;2
12/11/2024;30.46;Cr?dit Agricole;71;1;2
12/11/2024;60.25;Nature & D?couverte - Cadeau Arnaud;52;1;2
14/11/2024;2.94;La Ferme de Chez Nous;9;1;2
14/11/2024;24.9;Liquides;38;1;2
16/11/2024;95.6;Papas Brasseurs;10;1;2
18/11/2024;97.8;Bi?res Gat;10;1;2
20/11/2024;48.22;Plum ;111;1;2
21/11/2024;16;Cr?dit Agricole - CB Gold Premium;117;1;2
22/11/2024;11.9;Librairie Durance;25;1;2
22/11/2024;77.4;Caf? du Passage;44;1;2
27/11/2024;28.82;Plum;111;1;2
28/11/2024;43.6;City Vap - Liquides;38;1;2
29/11/2024;37.9;Librairie l'Odyss?e;25;1;2
29/11/2024;3.4;Brasserie Le Sangu?ze;44;1;2
30/11/2024;22.9;Les Papas brasseurs;47;1;2
02/12/2024;9.8;Cr?dit Agricole;68;1;2
02/12/2024;51.73;Cr?dit Agricole;71;1;2
02/12/2024;57.49;Free;106;1;2
02/12/2024;9.99;Free Mobile;107;1;2
02/12/2024;24.99;Free - Location S24;107;1;2
02/12/2024;6;Helios;117;1;2
03/12/2024;219;Platine Vinyle - papa;52;1;2
03/12/2024;8.78;Cantine EDF ;44;1;2
04/12/2024;42.28;Cr?dit Agricole;65;1;2
04/12/2024;21.64;Plum;111;1;2
05/12/2024;48.42;UTWIN;66;1;2
05/12/2024;5.44;Assurance PTZ (9 993?);67;1;2
05/12/2024;120.01;MAM;40;1;2
05/12/2024;300;Abondement;40;1;2
05/12/2024;9;SAUR;104;1;2
05/12/2024;77.36;EDF;105;1;2
05/12/2024;450;Cr?dit Agricole (221 647?);20;1;2
05/12/2024;138.79;Cr?dit Agricole - PTZ (9 993?);21;1;2
05/12/2024;100.8;TER - TAN - Mensuel;87;1;2
05/12/2024;350;Helios;111;1;2
05/12/2024;275;Goodvest;112;1;2
05/12/2024;125.48;Dons r?guliers;49;1;2
05/12/2024;7;Canal +;75;1;2
06/12/2024;32;L'autre march? de No?l ;26;1;2
06/12/2024;21;John Mc Byrne ;26;1;2
06/12/2024;20.62;Caf? du Passage ;44;1;2
07/12/2024;10;Man?ge ;34;1;2
08/12/2024;26.45;Polo;81;1;2
09/12/2024;6.4;Tickets m?tro ;141;1;2
09/12/2024;17.97;Brasserie Nanterre ;141;1;2
10/12/2024;8.47;Cr?dit Agricole;64;1;2
10/12/2024;30.46;Cr?dit Agricole;71;1;2
10/12/2024;27.9;Relay Paris;41;1;2
10/12/2024;0.73;Sodexo - Caf?;9;1;2
11/12/2024;46.12;Plum;111;1;2
14/12/2024;10;Man?ge ;34;1;2
15/12/2024;107.6;D?co de No?l ;41;1;2
16/12/2024;18.25;Cr?dit Agricole;63;1;2
18/12/2024;38.1;Plum;111;1;2
20/12/2024;13.8;Win & Wok;44;1;2
20/12/2024;45.5;Liquides ;38;1;2
21/12/2024;16;Cr?dit Agricole - CB Gold Premium;117;1;2
23/12/2024;28.13;Espace culturel;52;1;2
23/12/2024;109.3;Librairie l'Odyss?e;52;1;2
27/12/2024;23.04;Plum;111;1;2
27/12/2024;5.6;La t?te dans Les Raisins - Lorient;26;1;2
29/12/2024;23.9;McDo;44;1;2
30/12/2024;56.6;Espace Emeraude;6;1;2
02/01/2024;2946.04;Conserto - Janvier;12;1;1
03/01/2024;64.08;Courses d?cembre;22;1;1
05/01/2024;18.23;Lucile - Assurance Multirisque;22;1;1
09/01/2024;60;Ecojoko;22;1;1
10/01/2024;100;Netflix;22;1;1
15/01/2024;250;Acompte 60%;116;1;1
16/01/2024;74.14;R?veillon 2023 2024 - Gro - AL;22;1;1
18/01/2024;37.07;R?veillon 2023 2024 - Ang?le;22;1;1
02/02/2024;3050;Conserto - Janvier;12;1;1
05/02/2024;18.23;Lucile - Assurance Multirisque;22;1;1
19/02/2024;125.4;Maman - abonnement POLITIS;22;1;1
20/02/2024;25.93;Kalou - R?veillon de fin d'ann?e;22;1;1
04/03/2024;3100;Conserto - Janvier;12;1;1
05/03/2024;18.23;Lucile - Assurance Multirisque;22;1;1
02/04/2024;3100;Conserto - Mars;12;1;1
05/04/2024;18.23;Lucile - Assurance Multirisque;22;1;1
09/04/2024;24.18;PREDICA - Promo;22;1;1
29/04/2024;96.1;Conserto - ch?que culture;22;1;1
02/05/2024;2990;Conserto - Avril;12;1;1
06/05/2024;18.23;Lucile - Assurance Multirisque;22;1;1
14/05/2024;300;Fortuneo - Abondement;22;1;1
22/05/2024;2.12;CA - Int?r?ts cr?diteurs;115;1;1
03/06/2024;3160;Conserto - Mai;12;1;1
05/06/2024;18.23;Lucile - Assurance Multirisque;22;1;1
18/06/2024;110.55;EDF;22;1;1
02/07/2024;3540;Conserto - Juin;12;1;1
05/07/2024;18.23;Lucile - Charges mensuelles;22;1;1
24/07/2024;2223;Imp?ts - Remboursement;116;1;1
02/08/2024;3130;Conserto - Juillet;12;1;1
05/08/2024;18.23;Lucile - Charges mensuelles;22;1;1
16/08/2024;1;FIL - Avoir;22;1;1
02/09/2024;3120;Conserto - Ao?t;12;1;1
05/09/2024;18.23;Lucile - Charges mensuelles;22;1;1
26/09/2024;219;CA - LDD;114;1;1
01/10/2024;30;Maman - Muscadet;22;1;1
02/10/2024;3130;Conserto - Septembre;12;1;1
07/10/2024;18.23;Lucile - Charges mensuelles;22;1;1
25/10/2024;50;Fortuneo;114;1;1
04/11/2024;3180;Conserto - Octobre;12;1;1
05/11/2024;18.23;Lucile - Charges mensuelles;22;1;1
28/11/2024;40;Fortuneo;114;1;1
02/12/2024;3090;Conserto - Octobre;12;1;1
05/12/2024;18.23;Lucile - Charges mensuelles;22;1;1
23/12/2024;90;platine Vinyle papa ;22;1;1
31/12/2025;43;Plum;114;1;1
